Question,Answer,Temperature,,
"Is EMI allowed to deduct the fees of the foreign subpublishers, after affiliating with them, before sharing revenues with Ellington, under the existing contract? Start your answer with Yes or No",".

No.",0.75,,1
Does the agreement permit EMI to deduct expenses from affiliated foreign subpublishers prior to distributing royalties to Ellington? Start your answer with Yes or No,".

No",0.75,,1
"According to the contractual agreement, can EMI affiliate with foreign subpublishers post-execution and then subtract their fees before splitting revenues with Ellington? Start your answer with Yes or No",".

Yes",0.75,,
"Is it within the contract's terms for EMI to remove the charges of foreign subpublishers, which it affiliated with after the contract's formation, before dividing revenues with Ellington? Start your answer with Yes or No",".

No.",0.75,,1
"Can EMI legally subtract the costs of post-agreement affiliated foreign subpublishers before splitting revenues with Ellington, as per the terms of the contract? Start your answer with Yes or No","and explain

No. EMI cannot legally",0.75,,1
"Is it permissible for EMI, under the contract, to deduct fees from its newly affiliated foreign subpublishers prior to sharing royalties with Ellington? Start your answer with Yes or No",".

No.",0.75,,1
"Does the contract sanction EMI to deduct fees from foreign subpublishers, who became affiliates after the contract was signed, before sharing revenue with Ellington? Start your answer with Yes or No",".

Yes",0.75,,
"Based on the existing contract, is it legal for EMI to subtract the fees of its post-agreement affiliated foreign subpublishers before sharing profits with Ellington? Start your answer with Yes or No",".

No.",0.75,,1
"Can EMI, following the contract's execution, associate with foreign subpublishers and then deduct their fees before sharing the remaining revenues with Ellington, based on the contract? Start your answer with Yes or No",".

Yes",0.75,,
Does the contract allow EMI to establish affiliations with foreign subpublishers after signing the agreement and then deduct these subpublishers' fees prior to dividing the royalties with Ellington? Start your answer with Yes or No,".
Yes.",0.75,,
Is EMI within its contractual rights to affiliate with foreign subpublishers post-agreement and then deduct their charges before sharing the revenues with Ellington? Start your answer with Yes or No,"and explain why.

No, EMI",0.75,,1
Does the contract with Ellington permit EMI to form affiliations with foreign subpublishers post-signing and subtract their costs before sharing the profits? Start your answer with Yes or No,Yes,0.75,,
"Is EMI, under the terms of the agreement, allowed to establish affiliations with foreign subpublishers and then deduct their charges prior to dividing the revenues with Ellington? Start your answer with Yes or No",".

Yes",0.75,,
"Can EMI, under the contractual obligations, subtract the charges of affiliated foreign subpublishers before sharing the remaining revenue with Ellington? Start your answer with Yes or No",". 

No.",0.75,,1
"As per the contract's terms, can EMI form affiliations with foreign subpublishers after the contract is signed and then deduct their costs before splitting the revenues with Ellington? Start your answer with Yes or No",".

Yes",0.75,,
"Can EMI affiliate with foreign subpublishers after the contract's inception, and then, according to the contract's terms, subtract their fees before sharing revenues with Ellington? Start your answer with Yes or No",".

Yes",0.75,,
"Does the agreement with Ellington grant EMI the permission to form new affiliations with foreign subpublishers, subtract their fees, and then share the remaining revenues? Start your answer with Yes or No",Yes.,0.75,,
Is EMI allowed by the contract to form post-agreement affiliations with foreign subpublishers and then deduct their costs before sharing revenues with Ellington? Start your answer with Yes or No,Yes.,0.75,,
"According to the contractual terms, can EMI form affiliations with foreign subpublishers post-signing, subtract their fees, and then share the remainder of the revenues with Ellington? Start your answer with Yes or No",".

Yes",0.75,,
"As per the existing contract, can EMI, after forming affiliations with foreign subpublishers, subtract their charges before splitting the remaining revenues with Ellington? Start your answer with Yes or No",".

No.",0.75,,1
"Is EMI allowed to deduct the fees of the foreign subpublishers, after affiliating with them, before sharing revenues with Ellington, under the existing contract? Start your answer with Yes or No",No.,0.805555556,,1
Does the agreement permit EMI to deduct expenses from affiliated foreign subpublishers prior to distributing royalties to Ellington? Start your answer with Yes or No,".

No",0.805555556,,1
"According to the contractual agreement, can EMI affiliate with foreign subpublishers post-execution and then subtract their fees before splitting revenues with Ellington? Start your answer with Yes or No",No.,0.805555556,,1
"Is it within the contract's terms for EMI to remove the charges of foreign subpublishers, which it affiliated with after the contract's formation, before dividing revenues with Ellington? Start your answer with Yes or No",No,0.805555556,,1
"Can EMI legally subtract the costs of post-agreement affiliated foreign subpublishers before splitting revenues with Ellington, as per the terms of the contract? Start your answer with Yes or No",No.,0.805555556,,1
"Is it permissible for EMI, under the contract, to deduct fees from its newly affiliated foreign subpublishers prior to sharing royalties with Ellington? Start your answer with Yes or No",".

No.",0.805555556,,1
"Does the contract sanction EMI to deduct fees from foreign subpublishers, who became affiliates after the contract was signed, before sharing revenue with Ellington? Start your answer with Yes or No",No.,0.805555556,,1
"Based on the existing contract, is it legal for EMI to subtract the fees of its post-agreement affiliated foreign subpublishers before sharing profits with Ellington? Start your answer with Yes or No",".

No.",0.805555556,,1
"Can EMI, following the contract's execution, associate with foreign subpublishers and then deduct their fees before sharing the remaining revenues with Ellington, based on the contract? Start your answer with Yes or No",".

Yes",0.805555556,,
Does the contract allow EMI to establish affiliations with foreign subpublishers after signing the agreement and then deduct these subpublishers' fees prior to dividing the royalties with Ellington? Start your answer with Yes or No,".

Yes.",0.805555556,,
Is EMI within its contractual rights to affiliate with foreign subpublishers post-agreement and then deduct their charges before sharing the revenues with Ellington? Start your answer with Yes or No,".

Yes",0.805555556,,
Does the contract with Ellington permit EMI to form affiliations with foreign subpublishers post-signing and subtract their costs before sharing the profits? Start your answer with Yes or No,Yes,0.805555556,,
"Is EMI, under the terms of the agreement, allowed to establish affiliations with foreign subpublishers and then deduct their charges prior to dividing the revenues with Ellington? Start your answer with Yes or No",".

Yes",0.805555556,,
"Can EMI, under the contractual obligations, subtract the charges of affiliated foreign subpublishers before sharing the remaining revenue with Ellington? Start your answer with Yes or No",".

No",0.805555556,,1
"As per the contract's terms, can EMI form affiliations with foreign subpublishers after the contract is signed and then deduct their costs before splitting the revenues with Ellington? Start your answer with Yes or No","and explain.

Yes. The contract states",0.805555556,,
"Can EMI affiliate with foreign subpublishers after the contract's inception, and then, according to the contract's terms, subtract their fees before sharing revenues with Ellington? Start your answer with Yes or No",".

Yes",0.805555556,,
"Does the agreement with Ellington grant EMI the permission to form new affiliations with foreign subpublishers, subtract their fees, and then share the remaining revenues? Start your answer with Yes or No",No.,0.805555556,,1
Is EMI allowed by the contract to form post-agreement affiliations with foreign subpublishers and then deduct their costs before sharing revenues with Ellington? Start your answer with Yes or No,".

Yes",0.805555556,,
"According to the contractual terms, can EMI form affiliations with foreign subpublishers post-signing, subtract their fees, and then share the remainder of the revenues with Ellington? Start your answer with Yes or No",".

Yes",0.805555556,,
"As per the existing contract, can EMI, after forming affiliations with foreign subpublishers, subtract their charges before splitting the remaining revenues with Ellington? Start your answer with Yes or No",".

Yes",0.805555556,,
"Is EMI allowed to deduct the fees of the foreign subpublishers, after affiliating with them, before sharing revenues with Ellington, under the existing contract? Start your answer with Yes or No",".

No",0.861111111,,1
Does the agreement permit EMI to deduct expenses from affiliated foreign subpublishers prior to distributing royalties to Ellington? Start your answer with Yes or No,No.,0.861111111,,1
"According to the contractual agreement, can EMI affiliate with foreign subpublishers post-execution and then subtract their fees before splitting revenues with Ellington? Start your answer with Yes or No",".

Yes",0.861111111,,
"Is it within the contract's terms for EMI to remove the charges of foreign subpublishers, which it affiliated with after the contract's formation, before dividing revenues with Ellington? Start your answer with Yes or No",".

No",0.861111111,,1
"Can EMI legally subtract the costs of post-agreement affiliated foreign subpublishers before splitting revenues with Ellington, as per the terms of the contract? Start your answer with Yes or No",,0.861111111,,
"Is it permissible for EMI, under the contract, to deduct fees from its newly affiliated foreign subpublishers prior to sharing royalties with Ellington? Start your answer with Yes or No",".

No.",0.861111111,,1
"Does the contract sanction EMI to deduct fees from foreign subpublishers, who became affiliates after the contract was signed, before sharing revenue with Ellington? Start your answer with Yes or No",No.,0.861111111,,1
"Based on the existing contract, is it legal for EMI to subtract the fees of its post-agreement affiliated foreign subpublishers before sharing profits with Ellington? Start your answer with Yes or No",".

No.",0.861111111,,1
"Can EMI, following the contract's execution, associate with foreign subpublishers and then deduct their fees before sharing the remaining revenues with Ellington, based on the contract? Start your answer with Yes or No",".

Yes",0.861111111,,
Does the contract allow EMI to establish affiliations with foreign subpublishers after signing the agreement and then deduct these subpublishers' fees prior to dividing the royalties with Ellington? Start your answer with Yes or No,".

Yes",0.861111111,,
Is EMI within its contractual rights to affiliate with foreign subpublishers post-agreement and then deduct their charges before sharing the revenues with Ellington? Start your answer with Yes or No,".
No",0.861111111,,1
Does the contract with Ellington permit EMI to form affiliations with foreign subpublishers post-signing and subtract their costs before sharing the profits? Start your answer with Yes or No,Yes,0.861111111,,
"Is EMI, under the terms of the agreement, allowed to establish affiliations with foreign subpublishers and then deduct their charges prior to dividing the revenues with Ellington? Start your answer with Yes or No",".

Yes",0.861111111,,
"As per the contract's terms, can EMI form affiliations with foreign subpublishers after the contract is signed and then deduct their costs before splitting the revenues with Ellington? Start your answer with Yes or No",".

Yes.",0.861111111,,
"Can EMI affiliate with foreign subpublishers after the contract's inception, and then, according to the contract's terms, subtract their fees before sharing revenues with Ellington? Start your answer with Yes or No",".

Yes",0.861111111,,
"Does the agreement with Ellington grant EMI the permission to form new affiliations with foreign subpublishers, subtract their fees, and then share the remaining revenues? Start your answer with Yes or No",No.,0.861111111,,1
Is EMI allowed by the contract to form post-agreement affiliations with foreign subpublishers and then deduct their costs before sharing revenues with Ellington? Start your answer with Yes or No,#NAME?,0.861111111,,
"According to the contractual terms, can EMI form affiliations with foreign subpublishers post-signing, subtract their fees, and then share the remainder of the revenues with Ellington? Start your answer with Yes or No",".

Yes",0.861111111,,
"As per the existing contract, can EMI, after forming affiliations with foreign subpublishers, subtract their charges before splitting the remaining revenues with Ellington? Start your answer with Yes or No",#NAME?,0.861111111,,
"As per the contract's terms, can EMI form affiliations with foreign subpublishers after the contract is signed and then deduct their costs before splitting the revenues with Ellington? Start your answer with Yes or No",".

Yes.",0.916666667,,
"Can EMI affiliate with foreign subpublishers after the contract's inception, and then, according to the contract's terms, subtract their fees before sharing revenues with Ellington? Start your answer with Yes or No",".

Yes",0.916666667,,
"Does the agreement with Ellington grant EMI the permission to form new affiliations with foreign subpublishers, subtract their fees, and then share the remaining revenues? Start your answer with Yes or No",".

Yes",0.916666667,,
Is EMI allowed by the contract to form post-agreement affiliations with foreign subpublishers and then deduct their costs before sharing revenues with Ellington? Start your answer with Yes or No,"and explain,

No, EMI is",0.916666667,,1
"According to the contractual terms, can EMI form affiliations with foreign subpublishers post-signing, subtract their fees, and then share the remainder of the revenues with Ellington? Start your answer with Yes or No",".

Yes.",0.916666667,,
"As per the existing contract, can EMI, after forming affiliations with foreign subpublishers, subtract their charges before splitting the remaining revenues with Ellington? Start your answer with Yes or No",Yes,0.916666667,,
"As per the contract's terms, can EMI form affiliations with foreign subpublishers after the contract is signed and then deduct their costs before splitting the revenues with Ellington? Start your answer with Yes or No",".

Yes.",0.972222222,,
"Can EMI affiliate with foreign subpublishers after the contract's inception, and then, according to the contract's terms, subtract their fees before sharing revenues with Ellington? Start your answer with Yes or No",".

Yes.",0.972222222,,
"Does the agreement with Ellington grant EMI the permission to form new affiliations with foreign subpublishers, subtract their fees, and then share the remaining revenues? Start your answer with Yes or No",".

Yes.",0.972222222,,
Is EMI allowed by the contract to form post-agreement affiliations with foreign subpublishers and then deduct their costs before sharing revenues with Ellington? Start your answer with Yes or No,".

Yes",0.972222222,,
"According to the contractual terms, can EMI form affiliations with foreign subpublishers post-signing, subtract their fees, and then share the remainder of the revenues with Ellington? Start your answer with Yes or No",".

Yes",0.972222222,,
"As per the existing contract, can EMI, after forming affiliations with foreign subpublishers, subtract their charges before splitting the remaining revenues with Ellington? Start your answer with Yes or No",".

Yes.",0.972222222,,
"As per the contract's terms, can EMI form affiliations with foreign subpublishers after the contract is signed and then deduct their costs before splitting the revenues with Ellington? Start your answer with Yes or No",".
Yes",1.027777778,,
"Can EMI affiliate with foreign subpublishers after the contract's inception, and then, according to the contract's terms, subtract their fees before sharing revenues with Ellington? Start your answer with Yes or No",".

Yes.",1.027777778,,
"Does the agreement with Ellington grant EMI the permission to form new affiliations with foreign subpublishers, subtract their fees, and then share the remaining revenues? Start your answer with Yes or No",No.,1.027777778,,1
Is EMI allowed by the contract to form post-agreement affiliations with foreign subpublishers and then deduct their costs before sharing revenues with Ellington? Start your answer with Yes or No,No.,1.027777778,,1
"According to the contractual terms, can EMI form affiliations with foreign subpublishers post-signing, subtract their fees, and then share the remainder of the revenues with Ellington? Start your answer with Yes or No",".

Yes",1.027777778,,
"As per the existing contract, can EMI, after forming affiliations with foreign subpublishers, subtract their charges before splitting the remaining revenues with Ellington? Start your answer with Yes or No",".

Yes.",1.027777778,,
"As per the contract's terms, can EMI form affiliations with foreign subpublishers after the contract is signed and then deduct their costs before splitting the revenues with Ellington? Start your answer with Yes or No",".

Yes.",1.083333333,,
"Can EMI affiliate with foreign subpublishers after the contract's inception, and then, according to the contract's terms, subtract their fees before sharing revenues with Ellington? Start your answer with Yes or No",Yes,1.083333333,,
"Does the agreement with Ellington grant EMI the permission to form new affiliations with foreign subpublishers, subtract their fees, and then share the remaining revenues? Start your answer with Yes or No",".

No.",1.083333333,,1
Is EMI allowed by the contract to form post-agreement affiliations with foreign subpublishers and then deduct their costs before sharing revenues with Ellington? Start your answer with Yes or No,".

Yes",1.083333333,,
"According to the contractual terms, can EMI form affiliations with foreign subpublishers post-signing, subtract their fees, and then share the remainder of the revenues with Ellington? Start your answer with Yes or No",".

Yes.",1.083333333,,
"As per the existing contract, can EMI, after forming affiliations with foreign subpublishers, subtract their charges before splitting the remaining revenues with Ellington? Start your answer with Yes or No",".

Yes.",1.083333333,,
"As per the contract's terms, can EMI form affiliations with foreign subpublishers after the contract is signed and then deduct their costs before splitting the revenues with Ellington? Start your answer with Yes or No",".

Yes",1.138888889,,
"Can EMI affiliate with foreign subpublishers after the contract's inception, and then, according to the contract's terms, subtract their fees before sharing revenues with Ellington? Start your answer with Yes or No",", followed by a sentence that reasonably communicates your take",1.138888889,,
"Does the agreement with Ellington grant EMI the permission to form new affiliations with foreign subpublishers, subtract their fees, and then share the remaining revenues? Start your answer with Yes or No",No,1.138888889,,1
Is EMI allowed by the contract to form post-agreement affiliations with foreign subpublishers and then deduct their costs before sharing revenues with Ellington? Start your answer with Yes or No,".

Yes",1.138888889,,
"According to the contractual terms, can EMI form affiliations with foreign subpublishers post-signing, subtract their fees, and then share the remainder of the revenues with Ellington? Start your answer with Yes or No",":

Yes",1.138888889,,
"As per the existing contract, can EMI, after forming affiliations with foreign subpublishers, subtract their charges before splitting the remaining revenues with Ellington? Start your answer with Yes or No","

Yes.",1.138888889,,
"As per the contract's terms, can EMI form affiliations with foreign subpublishers after the contract is signed and then deduct their costs before splitting the revenues with Ellington? Start your answer with Yes or No",".

Yes.",1.194444444,,
"Can EMI affiliate with foreign subpublishers after the contract's inception, and then, according to the contract's terms, subtract their fees before sharing revenues with Ellington? Start your answer with Yes or No",".

Yes.",1.194444444,,
"Does the agreement with Ellington grant EMI the permission to form new affiliations with foreign subpublishers, subtract their fees, and then share the remaining revenues? Start your answer with Yes or No",".

Yes.",1.194444444,,
Is EMI allowed by the contract to form post-agreement affiliations with foreign subpublishers and then deduct their costs before sharing revenues with Ellington? Start your answer with Yes or No,"?

Yes.",1.194444444,,
"According to the contractual terms, can EMI form affiliations with foreign subpublishers post-signing, subtract their fees, and then share the remainder of the revenues with Ellington? Start your answer with Yes or No",".

Yes",1.194444444,,
"As per the existing contract, can EMI, after forming affiliations with foreign subpublishers, subtract their charges before splitting the remaining revenues with Ellington? Start your answer with Yes or No",No.,1.194444444,,1
"As per the contract's terms, can EMI form affiliations with foreign subpublishers after the contract is signed and then deduct their costs before splitting the revenues with Ellington? Start your answer with Yes or No",Yes.,1.25,,
"Can EMI affiliate with foreign subpublishers after the contract's inception, and then, according to the contract's terms, subtract their fees before sharing revenues with Ellington? Start your answer with Yes or No",yes,1.25,,
"Does the agreement with Ellington grant EMI the permission to form new affiliations with foreign subpublishers, subtract their fees, and then share the remaining revenues? Start your answer with Yes or No",".

Yes",1.25,,
Is EMI allowed by the contract to form post-agreement affiliations with foreign subpublishers and then deduct their costs before sharing revenues with Ellington? Start your answer with Yes or No,".

No",1.25,,1
"According to the contractual terms, can EMI form affiliations with foreign subpublishers post-signing, subtract their fees, and then share the remainder of the revenues with Ellington? Start your answer with Yes or No",".

Yes",1.25,,
"As per the existing contract, can EMI, after forming affiliations with foreign subpublishers, subtract their charges before splitting the remaining revenues with Ellington? Start your answer with Yes or No",".
 
No.",1.25,,1
