Question,Answer,Temperature,,,,,,,,,
"Is EMI allowed to deduct the fees of the foreign subpublishers, after affiliating with them, before sharing revenues with Ellington, under the existing contract? Start your answer with Yes or No",".

No.",0.75,,".

No.",,,1,,Total No,,
Does the agreement permit EMI to deduct expenses from affiliated foreign subpublishers prior to distributing royalties to Ellington? Start your answer with Yes or No,No,0.75,,No,,,1,,99,/200,0.495
"According to the contractual agreement, can EMI affiliate with foreign subpublishers post-execution and then subtract their fees before splitting revenues with Ellington? Start your answer with Yes or No","and explain your answer.

Yes, E",0.75,,"and explain your answer.

Yes, E",,,0,,,,
"Is it within the contract's terms for EMI to remove the charges of foreign subpublishers, which it affiliated with after the contract's formation, before dividing revenues with Ellington? Start your answer with Yes or No",".

No",0.75,,".

No",,,1,,,,
"Can EMI legally subtract the costs of post-agreement affiliated foreign subpublishers before splitting revenues with Ellington, as per the terms of the contract? Start your answer with Yes or No",".

No",0.75,,".

No",,,1,,,,
"Is it permissible for EMI, under the contract, to deduct fees from its newly affiliated foreign subpublishers prior to sharing royalties with Ellington? Start your answer with Yes or No",".

No",0.75,,".

No",,,1,,,,
"Does the contract sanction EMI to deduct fees from foreign subpublishers, who became affiliates after the contract was signed, before sharing revenue with Ellington? Start your answer with Yes or No",No.,0.75,,No.,,,1,,,,
"Based on the existing contract, is it legal for EMI to subtract the fees of its post-agreement affiliated foreign subpublishers before sharing profits with Ellington? Start your answer with Yes or No",".
No",0.75,,".
No",,,1,,,,
"Can EMI, following the contract's execution, associate with foreign subpublishers and then deduct their fees before sharing the remaining revenues with Ellington, based on the contract? Start your answer with Yes or No",".

Yes",0.75,,".

Yes",,,0,,,,
Does the contract allow EMI to establish affiliations with foreign subpublishers after signing the agreement and then deduct these subpublishers' fees prior to dividing the royalties with Ellington? Start your answer with Yes or No,".

Yes",0.75,,".

Yes",,,0,,,,
Is EMI within its contractual rights to affiliate with foreign subpublishers post-agreement and then deduct their charges before sharing the revenues with Ellington? Start your answer with Yes or No,Yes,0.75,,Yes,,,0,,,,
Does the contract with Ellington permit EMI to form affiliations with foreign subpublishers post-signing and subtract their costs before sharing the profits? Start your answer with Yes or No,".

Yes",0.75,,".

Yes",,,0,,,,
"Is EMI, under the terms of the agreement, allowed to establish affiliations with foreign subpublishers and then deduct their charges prior to dividing the revenues with Ellington? Start your answer with Yes or No",".

Yes",0.75,,".

Yes",,,0,,,,
"Can EMI, under the contractual obligations, subtract the charges of affiliated foreign subpublishers before sharing the remaining revenue with Ellington? Start your answer with Yes or No",".

No.",0.75,,".

No.",,,1,,,,
"As per the contract's terms, can EMI form affiliations with foreign subpublishers after the contract is signed and then deduct their costs before splitting the revenues with Ellington? Start your answer with Yes or No",". 

Yes.",0.75,,". 

Yes.",,,0,,,,
"Can EMI affiliate with foreign subpublishers after the contract's inception, and then, according to the contract's terms, subtract their fees before sharing revenues with Ellington? Start your answer with Yes or No",".

Yes",0.75,,".

Yes",,,0,,,,
"Does the agreement with Ellington grant EMI the permission to form new affiliations with foreign subpublishers, subtract their fees, and then share the remaining revenues? Start your answer with Yes or No",".

Yes",0.75,,".

Yes",,,0,,,,
Is EMI allowed by the contract to form post-agreement affiliations with foreign subpublishers and then deduct their costs before sharing revenues with Ellington? Start your answer with Yes or No,".

Yes",0.75,,".

Yes",,,0,,,,
"According to the contractual terms, can EMI form affiliations with foreign subpublishers post-signing, subtract their fees, and then share the remainder of the revenues with Ellington? Start your answer with Yes or No",".

Yes.",0.75,,".

Yes.",,,0,,,,
"As per the existing contract, can EMI, after forming affiliations with foreign subpublishers, subtract their charges before splitting the remaining revenues with Ellington? Start your answer with Yes or No",".

Yes",0.75,,".

Yes",,,0,,,,
"Is EMI allowed to deduct the fees of the foreign subpublishers, after affiliating with them, before sharing revenues with Ellington, under the existing contract? Start your answer with Yes or No",".

No",0.805555556,,".

No",,,1,,,,
Does the agreement permit EMI to deduct expenses from affiliated foreign subpublishers prior to distributing royalties to Ellington? Start your answer with Yes or No,".

No",0.805555556,,".

No",,,1,,,,
"According to the contractual agreement, can EMI affiliate with foreign subpublishers post-execution and then subtract their fees before splitting revenues with Ellington? Start your answer with Yes or No",".

Yes",0.805555556,,".

Yes",,,0,,,,
"Is it within the contract's terms for EMI to remove the charges of foreign subpublishers, which it affiliated with after the contract's formation, before dividing revenues with Ellington? Start your answer with Yes or No",".

No.",0.805555556,,".

No.",,,1,,,,
"Can EMI legally subtract the costs of post-agreement affiliated foreign subpublishers before splitting revenues with Ellington, as per the terms of the contract? Start your answer with Yes or No",No.,0.805555556,,No.,,,1,,,,
"Is it permissible for EMI, under the contract, to deduct fees from its newly affiliated foreign subpublishers prior to sharing royalties with Ellington? Start your answer with Yes or No",No.,0.805555556,,No.,,,1,,,,
"Does the contract sanction EMI to deduct fees from foreign subpublishers, who became affiliates after the contract was signed, before sharing revenue with Ellington? Start your answer with Yes or No",".

Yes",0.805555556,,".

Yes",,,0,,,,
"Based on the existing contract, is it legal for EMI to subtract the fees of its post-agreement affiliated foreign subpublishers before sharing profits with Ellington? Start your answer with Yes or No",".

No.",0.805555556,,".

No.",,,1,,,,
"Can EMI, following the contract's execution, associate with foreign subpublishers and then deduct their fees before sharing the remaining revenues with Ellington, based on the contract? Start your answer with Yes or No",".

YES",0.805555556,,".

YES",,,0,,,,
Does the contract allow EMI to establish affiliations with foreign subpublishers after signing the agreement and then deduct these subpublishers' fees prior to dividing the royalties with Ellington? Start your answer with Yes or No,No.,0.805555556,,No.,,,1,,,,
Is EMI within its contractual rights to affiliate with foreign subpublishers post-agreement and then deduct their charges before sharing the revenues with Ellington? Start your answer with Yes or No,".

No.",0.805555556,,".

No.",,,1,,,,
Does the contract with Ellington permit EMI to form affiliations with foreign subpublishers post-signing and subtract their costs before sharing the profits? Start your answer with Yes or No,".

Yes",0.805555556,,".

Yes",,,0,,,,
"Is EMI, under the terms of the agreement, allowed to establish affiliations with foreign subpublishers and then deduct their charges prior to dividing the revenues with Ellington? Start your answer with Yes or No",".

Yes",0.805555556,,".

Yes",,,0,,,,
"Can EMI, under the contractual obligations, subtract the charges of affiliated foreign subpublishers before sharing the remaining revenue with Ellington? Start your answer with Yes or No",".

No",0.805555556,,".

No",,,1,,,,
"As per the contract's terms, can EMI form affiliations with foreign subpublishers after the contract is signed and then deduct their costs before splitting the revenues with Ellington? Start your answer with Yes or No",".

Yes.",0.805555556,,".

Yes.",,,0,,,,
"Can EMI affiliate with foreign subpublishers after the contract's inception, and then, according to the contract's terms, subtract their fees before sharing revenues with Ellington? Start your answer with Yes or No",No.,0.805555556,,No.,,,1,,,,
"Does the agreement with Ellington grant EMI the permission to form new affiliations with foreign subpublishers, subtract their fees, and then share the remaining revenues? Start your answer with Yes or No",".

No.",0.805555556,,".

No.",,,1,,,,
Is EMI allowed by the contract to form post-agreement affiliations with foreign subpublishers and then deduct their costs before sharing revenues with Ellington? Start your answer with Yes or No,".

Yes",0.805555556,,".

Yes",,,0,,,,
"According to the contractual terms, can EMI form affiliations with foreign subpublishers post-signing, subtract their fees, and then share the remainder of the revenues with Ellington? Start your answer with Yes or No",".

Yes.",0.805555556,,".

Yes.",,,0,,,,
"As per the existing contract, can EMI, after forming affiliations with foreign subpublishers, subtract their charges before splitting the remaining revenues with Ellington? Start your answer with Yes or No",".

Yes.",0.805555556,,".

Yes.",,,0,,,,
"Is EMI allowed to deduct the fees of the foreign subpublishers, after affiliating with them, before sharing revenues with Ellington, under the existing contract? Start your answer with Yes or No",".

No",0.861111111,,".

No",,,1,,,,
Does the agreement permit EMI to deduct expenses from affiliated foreign subpublishers prior to distributing royalties to Ellington? Start your answer with Yes or No,".

No.",0.861111111,,".

No.",,,1,,,,
"According to the contractual agreement, can EMI affiliate with foreign subpublishers post-execution and then subtract their fees before splitting revenues with Ellington? Start your answer with Yes or No",".

Yes.",0.861111111,,".

Yes.",,,0,,,,
"Is it within the contract's terms for EMI to remove the charges of foreign subpublishers, which it affiliated with after the contract's formation, before dividing revenues with Ellington? Start your answer with Yes or No",".

No.",0.861111111,,".

No.",,,1,,,,
"Can EMI legally subtract the costs of post-agreement affiliated foreign subpublishers before splitting revenues with Ellington, as per the terms of the contract? Start your answer with Yes or No",".

No",0.861111111,,".

No",,,1,,,,
"Is it permissible for EMI, under the contract, to deduct fees from its newly affiliated foreign subpublishers prior to sharing royalties with Ellington? Start your answer with Yes or No",No,0.861111111,,No,,,1,,,,
"Does the contract sanction EMI to deduct fees from foreign subpublishers, who became affiliates after the contract was signed, before sharing revenue with Ellington? Start your answer with Yes or No",".

No",0.861111111,,".

No",,,1,,,,
"Based on the existing contract, is it legal for EMI to subtract the fees of its post-agreement affiliated foreign subpublishers before sharing profits with Ellington? Start your answer with Yes or No",".

No.",0.861111111,,".

No.",,,1,,,,
"Can EMI, following the contract's execution, associate with foreign subpublishers and then deduct their fees before sharing the remaining revenues with Ellington, based on the contract? Start your answer with Yes or No",".

Yes",0.861111111,,".

Yes",,,0,,,,
Does the contract allow EMI to establish affiliations with foreign subpublishers after signing the agreement and then deduct these subpublishers' fees prior to dividing the royalties with Ellington? Start your answer with Yes or No,No.,0.861111111,,No.,,,1,,,,
Is EMI within its contractual rights to affiliate with foreign subpublishers post-agreement and then deduct their charges before sharing the revenues with Ellington? Start your answer with Yes or No,"and explain.

No, EMI is",0.861111111,,"and explain.

No, EMI is",,,1,,,,
Does the contract with Ellington permit EMI to form affiliations with foreign subpublishers post-signing and subtract their costs before sharing the profits? Start your answer with Yes or No,".

Yes",0.861111111,,".

Yes",,,0,,,,
"Is EMI, under the terms of the agreement, allowed to establish affiliations with foreign subpublishers and then deduct their charges prior to dividing the revenues with Ellington? Start your answer with Yes or No",".

Yes",0.861111111,,".

Yes",,,0,,,,
"Can EMI, under the contractual obligations, subtract the charges of affiliated foreign subpublishers before sharing the remaining revenue with Ellington? Start your answer with Yes or No",".

No.",0.861111111,,".

No.",,,1,,,,
"As per the contract's terms, can EMI form affiliations with foreign subpublishers after the contract is signed and then deduct their costs before splitting the revenues with Ellington? Start your answer with Yes or No",".

Yes",0.861111111,,".

Yes",,,0,,,,
"Can EMI affiliate with foreign subpublishers after the contract's inception, and then, according to the contract's terms, subtract their fees before sharing revenues with Ellington? Start your answer with Yes or No",".

Yes",0.861111111,,".

Yes",,,0,,,,
"Does the agreement with Ellington grant EMI the permission to form new affiliations with foreign subpublishers, subtract their fees, and then share the remaining revenues? Start your answer with Yes or No",".

Yes",0.861111111,,".

Yes",,,0,,,,
Is EMI allowed by the contract to form post-agreement affiliations with foreign subpublishers and then deduct their costs before sharing revenues with Ellington? Start your answer with Yes or No,".

Yes.",0.861111111,,".

Yes.",,,0,,,,
"According to the contractual terms, can EMI form affiliations with foreign subpublishers post-signing, subtract their fees, and then share the remainder of the revenues with Ellington? Start your answer with Yes or No",".

Yes",0.861111111,,".

Yes",,,0,,,,
"As per the existing contract, can EMI, after forming affiliations with foreign subpublishers, subtract their charges before splitting the remaining revenues with Ellington? Start your answer with Yes or No",".

No.",0.861111111,,".

No.",,,1,,,,
"Is EMI allowed to deduct the fees of the foreign subpublishers, after affiliating with them, before sharing revenues with Ellington, under the existing contract? Start your answer with Yes or No",".

No.",0.916666667,,".

No.",,,1,,,,
Does the agreement permit EMI to deduct expenses from affiliated foreign subpublishers prior to distributing royalties to Ellington? Start your answer with Yes or No,".

No",0.916666667,,".

No",,,1,,,,
"According to the contractual agreement, can EMI affiliate with foreign subpublishers post-execution and then subtract their fees before splitting revenues with Ellington? Start your answer with Yes or No",".

Yes",0.916666667,,".

Yes",,,0,,,,
"Is it within the contract's terms for EMI to remove the charges of foreign subpublishers, which it affiliated with after the contract's formation, before dividing revenues with Ellington? Start your answer with Yes or No",No.,0.916666667,,No.,,,1,,,,
"Can EMI legally subtract the costs of post-agreement affiliated foreign subpublishers before splitting revenues with Ellington, as per the terms of the contract? Start your answer with Yes or No","and explain.

No. EMI is",0.916666667,,"and explain.

No. EMI is",,,1,,,,
"Is it permissible for EMI, under the contract, to deduct fees from its newly affiliated foreign subpublishers prior to sharing royalties with Ellington? Start your answer with Yes or No","to indicate your response.

No",0.916666667,,"to indicate your response.

No",,,1,,,,
"Does the contract sanction EMI to deduct fees from foreign subpublishers, who became affiliates after the contract was signed, before sharing revenue with Ellington? Start your answer with Yes or No",".

No.",0.916666667,,".

No.",,,1,,,,
"Based on the existing contract, is it legal for EMI to subtract the fees of its post-agreement affiliated foreign subpublishers before sharing profits with Ellington? Start your answer with Yes or No",". 

No.",0.916666667,,". 

No.",,,1,,,,
"Can EMI, following the contract's execution, associate with foreign subpublishers and then deduct their fees before sharing the remaining revenues with Ellington, based on the contract? Start your answer with Yes or No",Yes,0.916666667,,Yes,,,0,,,,
Does the contract allow EMI to establish affiliations with foreign subpublishers after signing the agreement and then deduct these subpublishers' fees prior to dividing the royalties with Ellington? Start your answer with Yes or No,".

No.",0.916666667,,".

No.",,,1,,,,
Is EMI within its contractual rights to affiliate with foreign subpublishers post-agreement and then deduct their charges before sharing the revenues with Ellington? Start your answer with Yes or No,".

No.",0.916666667,,".

No.",,,1,,,,
Does the contract with Ellington permit EMI to form affiliations with foreign subpublishers post-signing and subtract their costs before sharing the profits? Start your answer with Yes or No,".

Yes.",0.916666667,,".

Yes.",,,0,,,,
"Is EMI, under the terms of the agreement, allowed to establish affiliations with foreign subpublishers and then deduct their charges prior to dividing the revenues with Ellington? Start your answer with Yes or No",Yes,0.916666667,,Yes,,,0,,,,
"Can EMI, under the contractual obligations, subtract the charges of affiliated foreign subpublishers before sharing the remaining revenue with Ellington? Start your answer with Yes or No",".

No",0.916666667,,".

No",,,1,,,,
"As per the contract's terms, can EMI form affiliations with foreign subpublishers after the contract is signed and then deduct their costs before splitting the revenues with Ellington? Start your answer with Yes or No",".

Yes",0.916666667,,".

Yes",,,0,,,,
"Can EMI affiliate with foreign subpublishers after the contract's inception, and then, according to the contract's terms, subtract their fees before sharing revenues with Ellington? Start your answer with Yes or No","and explain why.

Yes. The contract",0.916666667,,"and explain why.

Yes. The contract",,,0,,,,
"Does the agreement with Ellington grant EMI the permission to form new affiliations with foreign subpublishers, subtract their fees, and then share the remaining revenues? Start your answer with Yes or No",".

Yes.",0.916666667,,".

Yes.",,,0,,,,
Is EMI allowed by the contract to form post-agreement affiliations with foreign subpublishers and then deduct their costs before sharing revenues with Ellington? Start your answer with Yes or No,".

Yes.",0.916666667,,".

Yes.",,,0,,,,
"According to the contractual terms, can EMI form affiliations with foreign subpublishers post-signing, subtract their fees, and then share the remainder of the revenues with Ellington? Start your answer with Yes or No",".

Yes",0.916666667,,".

Yes",,,0,,,,
"As per the existing contract, can EMI, after forming affiliations with foreign subpublishers, subtract their charges before splitting the remaining revenues with Ellington? Start your answer with Yes or No",".

Yes",0.916666667,,".

Yes",,,0,,,,
"Is EMI allowed to deduct the fees of the foreign subpublishers, after affiliating with them, before sharing revenues with Ellington, under the existing contract? Start your answer with Yes or No",".

No.",0.972222222,,".

No.",,,1,,,,
Does the agreement permit EMI to deduct expenses from affiliated foreign subpublishers prior to distributing royalties to Ellington? Start your answer with Yes or No,".

No.",0.972222222,,".

No.",,,1,,,,
"According to the contractual agreement, can EMI affiliate with foreign subpublishers post-execution and then subtract their fees before splitting revenues with Ellington? Start your answer with Yes or No",".

Yes",0.972222222,,".

Yes",,,0,,,,
"Is it within the contract's terms for EMI to remove the charges of foreign subpublishers, which it affiliated with after the contract's formation, before dividing revenues with Ellington? Start your answer with Yes or No",".

No.",0.972222222,,".

No.",,,1,,,,
"Can EMI legally subtract the costs of post-agreement affiliated foreign subpublishers before splitting revenues with Ellington, as per the terms of the contract? Start your answer with Yes or No",No.,0.972222222,,No.,,,1,,,,
"Is it permissible for EMI, under the contract, to deduct fees from its newly affiliated foreign subpublishers prior to sharing royalties with Ellington? Start your answer with Yes or No",".

No",0.972222222,,".

No",,,1,,,,
"Does the contract sanction EMI to deduct fees from foreign subpublishers, who became affiliates after the contract was signed, before sharing revenue with Ellington? Start your answer with Yes or No",Yes,0.972222222,,Yes,,,0,,,,
"Based on the existing contract, is it legal for EMI to subtract the fees of its post-agreement affiliated foreign subpublishers before sharing profits with Ellington? Start your answer with Yes or No",No.,0.972222222,,No.,,,1,,,,
"Can EMI, following the contract's execution, associate with foreign subpublishers and then deduct their fees before sharing the remaining revenues with Ellington, based on the contract? Start your answer with Yes or No",".

Yes",0.972222222,,".

Yes",,,0,,,,
Does the contract allow EMI to establish affiliations with foreign subpublishers after signing the agreement and then deduct these subpublishers' fees prior to dividing the royalties with Ellington? Start your answer with Yes or No,".

No",0.972222222,,".

No",,,1,,,,
Is EMI within its contractual rights to affiliate with foreign subpublishers post-agreement and then deduct their charges before sharing the revenues with Ellington? Start your answer with Yes or No,No.,0.972222222,,No.,,,1,,,,
Does the contract with Ellington permit EMI to form affiliations with foreign subpublishers post-signing and subtract their costs before sharing the profits? Start your answer with Yes or No,".

Yes",0.972222222,,".

Yes",,,0,,,,
"Is EMI, under the terms of the agreement, allowed to establish affiliations with foreign subpublishers and then deduct their charges prior to dividing the revenues with Ellington? Start your answer with Yes or No",Yes.,0.972222222,,Yes.,,,0,,,,
"Can EMI, under the contractual obligations, subtract the charges of affiliated foreign subpublishers before sharing the remaining revenue with Ellington? Start your answer with Yes or No",".

No.",0.972222222,,".

No.",,,1,,,,
"As per the contract's terms, can EMI form affiliations with foreign subpublishers after the contract is signed and then deduct their costs before splitting the revenues with Ellington? Start your answer with Yes or No",Yes.,0.972222222,,Yes.,,,0,,,,
"Can EMI affiliate with foreign subpublishers after the contract's inception, and then, according to the contract's terms, subtract their fees before sharing revenues with Ellington? Start your answer with Yes or No",", and then explain.

Yes. According",0.972222222,,", and then explain.

Yes. According",,,0,,,,
"Does the agreement with Ellington grant EMI the permission to form new affiliations with foreign subpublishers, subtract their fees, and then share the remaining revenues? Start your answer with Yes or No",".

Yes",0.972222222,,".

Yes",,,0,,,,
Is EMI allowed by the contract to form post-agreement affiliations with foreign subpublishers and then deduct their costs before sharing revenues with Ellington? Start your answer with Yes or No,Yes,0.972222222,,Yes,,,0,,,,
"According to the contractual terms, can EMI form affiliations with foreign subpublishers post-signing, subtract their fees, and then share the remainder of the revenues with Ellington? Start your answer with Yes or No",".

Yes",0.972222222,,".

Yes",,,0,,,,
"As per the existing contract, can EMI, after forming affiliations with foreign subpublishers, subtract their charges before splitting the remaining revenues with Ellington? Start your answer with Yes or No",No.,0.972222222,,No.,,,1,,,,
"Is EMI allowed to deduct the fees of the foreign subpublishers, after affiliating with them, before sharing revenues with Ellington, under the existing contract? Start your answer with Yes or No",".

No.",1.027777778,,".

No.",,,1,,,,
Does the agreement permit EMI to deduct expenses from affiliated foreign subpublishers prior to distributing royalties to Ellington? Start your answer with Yes or No,".

No",1.027777778,,".

No",,,1,,,,
"According to the contractual agreement, can EMI affiliate with foreign subpublishers post-execution and then subtract their fees before splitting revenues with Ellington? Start your answer with Yes or No",". 

Yes",1.027777778,,". 

Yes",,,0,,,,
"Is it within the contract's terms for EMI to remove the charges of foreign subpublishers, which it affiliated with after the contract's formation, before dividing revenues with Ellington? Start your answer with Yes or No",No,1.027777778,,No,,,1,,,,
"Can EMI legally subtract the costs of post-agreement affiliated foreign subpublishers before splitting revenues with Ellington, as per the terms of the contract? Start your answer with Yes or No",", and then explain why.

No.",1.027777778,,", and then explain why.

No.",,,1,,,,
"Is it permissible for EMI, under the contract, to deduct fees from its newly affiliated foreign subpublishers prior to sharing royalties with Ellington? Start your answer with Yes or No",".

No.",1.027777778,,".

No.",,,1,,,,
"Does the contract sanction EMI to deduct fees from foreign subpublishers, who became affiliates after the contract was signed, before sharing revenue with Ellington? Start your answer with Yes or No",";

No",1.027777778,,";

No",,,1,,,,
"Based on the existing contract, is it legal for EMI to subtract the fees of its post-agreement affiliated foreign subpublishers before sharing profits with Ellington? Start your answer with Yes or No","and explain:

No. According to the",1.027777778,,"and explain:

No. According to the",,,1,,,,
"Can EMI, following the contract's execution, associate with foreign subpublishers and then deduct their fees before sharing the remaining revenues with Ellington, based on the contract? Start your answer with Yes or No",#NAME?,1.027777778,,#NAME?,,,0,,,,
Does the contract allow EMI to establish affiliations with foreign subpublishers after signing the agreement and then deduct these subpublishers' fees prior to dividing the royalties with Ellington? Start your answer with Yes or No,".

Yes.",1.027777778,,".

Yes.",,,0,,,,
Is EMI within its contractual rights to affiliate with foreign subpublishers post-agreement and then deduct their charges before sharing the revenues with Ellington? Start your answer with Yes or No,Yes,1.027777778,,Yes,,,0,,,,
Does the contract with Ellington permit EMI to form affiliations with foreign subpublishers post-signing and subtract their costs before sharing the profits? Start your answer with Yes or No,Yes.,1.027777778,,Yes.,,,0,,,,
"Is EMI, under the terms of the agreement, allowed to establish affiliations with foreign subpublishers and then deduct their charges prior to dividing the revenues with Ellington? Start your answer with Yes or No",".

Yes",1.027777778,,".

Yes",,,0,,,,
"Can EMI, under the contractual obligations, subtract the charges of affiliated foreign subpublishers before sharing the remaining revenue with Ellington? Start your answer with Yes or No",No.,1.027777778,,No.,,,1,,,,
"As per the contract's terms, can EMI form affiliations with foreign subpublishers after the contract is signed and then deduct their costs before splitting the revenues with Ellington? Start your answer with Yes or No",", then explain. 

Yes. The",1.027777778,,", then explain. 

Yes. The",,,0,,,,
"Can EMI affiliate with foreign subpublishers after the contract's inception, and then, according to the contract's terms, subtract their fees before sharing revenues with Ellington? Start your answer with Yes or No",".

Yes",1.027777778,,".

Yes",,,0,,,,
"Does the agreement with Ellington grant EMI the permission to form new affiliations with foreign subpublishers, subtract their fees, and then share the remaining revenues? Start your answer with Yes or No",".

Yes",1.027777778,,".

Yes",,,0,,,,
Is EMI allowed by the contract to form post-agreement affiliations with foreign subpublishers and then deduct their costs before sharing revenues with Ellington? Start your answer with Yes or No,".

Yes",1.027777778,,".

Yes",,,0,,,,
"According to the contractual terms, can EMI form affiliations with foreign subpublishers post-signing, subtract their fees, and then share the remainder of the revenues with Ellington? Start your answer with Yes or No",".

Yes.",1.027777778,,".

Yes.",,,0,,,,
"As per the existing contract, can EMI, after forming affiliations with foreign subpublishers, subtract their charges before splitting the remaining revenues with Ellington? Start your answer with Yes or No",No.,1.027777778,,No.,,,1,,,,
"Is EMI allowed to deduct the fees of the foreign subpublishers, after affiliating with them, before sharing revenues with Ellington, under the existing contract? Start your answer with Yes or No",".

No",1.083333333,,".

No",,,1,,,,
Does the agreement permit EMI to deduct expenses from affiliated foreign subpublishers prior to distributing royalties to Ellington? Start your answer with Yes or No,".

No.",1.083333333,,".

No.",,,1,,,,
"According to the contractual agreement, can EMI affiliate with foreign subpublishers post-execution and then subtract their fees before splitting revenues with Ellington? Start your answer with Yes or No",".

Yes.",1.083333333,,".

Yes.",,,0,,,,
"Is it within the contract's terms for EMI to remove the charges of foreign subpublishers, which it affiliated with after the contract's formation, before dividing revenues with Ellington? Start your answer with Yes or No",".

No.",1.083333333,,".

No.",,,1,,,,
"Can EMI legally subtract the costs of post-agreement affiliated foreign subpublishers before splitting revenues with Ellington, as per the terms of the contract? Start your answer with Yes or No",".

No",1.083333333,,".

No",,,1,,,,
"Is it permissible for EMI, under the contract, to deduct fees from its newly affiliated foreign subpublishers prior to sharing royalties with Ellington? Start your answer with Yes or No",".

No.",1.083333333,,".

No.",,,1,,,,
"Does the contract sanction EMI to deduct fees from foreign subpublishers, who became affiliates after the contract was signed, before sharing revenue with Ellington? Start your answer with Yes or No",".

No",1.083333333,,".

No",,,1,,,,
"Based on the existing contract, is it legal for EMI to subtract the fees of its post-agreement affiliated foreign subpublishers before sharing profits with Ellington? Start your answer with Yes or No",and follow up with a brief support.,1.083333333,,and follow up with a brief support.,,,0,,,,
"Can EMI, following the contract's execution, associate with foreign subpublishers and then deduct their fees before sharing the remaining revenues with Ellington, based on the contract? Start your answer with Yes or No",".

Yes",1.083333333,,".

Yes",,,0,,,,
Does the contract allow EMI to establish affiliations with foreign subpublishers after signing the agreement and then deduct these subpublishers' fees prior to dividing the royalties with Ellington? Start your answer with Yes or No,No.,1.083333333,,No.,,,1,,,,
Is EMI within its contractual rights to affiliate with foreign subpublishers post-agreement and then deduct their charges before sharing the revenues with Ellington? Start your answer with Yes or No,".

No.",1.083333333,,".

No.",,,1,,,,
Does the contract with Ellington permit EMI to form affiliations with foreign subpublishers post-signing and subtract their costs before sharing the profits? Start your answer with Yes or No,".

Yes",1.083333333,,".

Yes",,,0,,,,
"Is EMI, under the terms of the agreement, allowed to establish affiliations with foreign subpublishers and then deduct their charges prior to dividing the revenues with Ellington? Start your answer with Yes or No",".

Yes",1.083333333,,".

Yes",,,0,,,,
"Can EMI, under the contractual obligations, subtract the charges of affiliated foreign subpublishers before sharing the remaining revenue with Ellington? Start your answer with Yes or No",".

No.",1.083333333,,".

No.",,,1,,,,
"As per the contract's terms, can EMI form affiliations with foreign subpublishers after the contract is signed and then deduct their costs before splitting the revenues with Ellington? Start your answer with Yes or No",#NAME?,1.083333333,,#NAME?,,,0,,,,
"Can EMI affiliate with foreign subpublishers after the contract's inception, and then, according to the contract's terms, subtract their fees before sharing revenues with Ellington? Start your answer with Yes or No",". 

Yes",1.083333333,,". 

Yes",,,0,,,,
"Does the agreement with Ellington grant EMI the permission to form new affiliations with foreign subpublishers, subtract their fees, and then share the remaining revenues? Start your answer with Yes or No",".

Yes",1.083333333,,".

Yes",,,0,,,,
Is EMI allowed by the contract to form post-agreement affiliations with foreign subpublishers and then deduct their costs before sharing revenues with Ellington? Start your answer with Yes or No,".

Yes.",1.083333333,,".

Yes.",,,0,,,,
"According to the contractual terms, can EMI form affiliations with foreign subpublishers post-signing, subtract their fees, and then share the remainder of the revenues with Ellington? Start your answer with Yes or No","Yes, EMI can form affiliations with foreign",1.083333333,,"Yes, EMI can form affiliations with foreign",,,0,,,,
"As per the existing contract, can EMI, after forming affiliations with foreign subpublishers, subtract their charges before splitting the remaining revenues with Ellington? Start your answer with Yes or No",Yes,1.083333333,,Yes,,,0,,,,
"Is EMI allowed to deduct the fees of the foreign subpublishers, after affiliating with them, before sharing revenues with Ellington, under the existing contract? Start your answer with Yes or No",".

No.",1.138888889,,".

No.",,,1,,,,
Does the agreement permit EMI to deduct expenses from affiliated foreign subpublishers prior to distributing royalties to Ellington? Start your answer with Yes or No,".
 
No.",1.138888889,,".
 
No.",,,1,,,,
"According to the contractual agreement, can EMI affiliate with foreign subpublishers post-execution and then subtract their fees before splitting revenues with Ellington? Start your answer with Yes or No",No.,1.138888889,,No.,,,1,,,,
"Is it within the contract's terms for EMI to remove the charges of foreign subpublishers, which it affiliated with after the contract's formation, before dividing revenues with Ellington? Start your answer with Yes or No",No.,1.138888889,,No.,,,1,,,,
"Can EMI legally subtract the costs of post-agreement affiliated foreign subpublishers before splitting revenues with Ellington, as per the terms of the contract? Start your answer with Yes or No",and explain: No because the terms of the agreement,1.138888889,,and explain: No because the terms of the agreement,,,1,,,,
"Is it permissible for EMI, under the contract, to deduct fees from its newly affiliated foreign subpublishers prior to sharing royalties with Ellington? Start your answer with Yes or No",Yes,1.138888889,,Yes,,,0,,,,
"Does the contract sanction EMI to deduct fees from foreign subpublishers, who became affiliates after the contract was signed, before sharing revenue with Ellington? Start your answer with Yes or No","below 
No",1.138888889,,"below 
No",,,1,,,,
"Based on the existing contract, is it legal for EMI to subtract the fees of its post-agreement affiliated foreign subpublishers before sharing profits with Ellington? Start your answer with Yes or No",".

No.",1.138888889,,".

No.",,,1,,,,
"Can EMI, following the contract's execution, associate with foreign subpublishers and then deduct their fees before sharing the remaining revenues with Ellington, based on the contract? Start your answer with Yes or No",".
Yes, EMI can associate with foreign",1.138888889,,".
Yes, EMI can associate with foreign",,,0,,,,
Does the contract allow EMI to establish affiliations with foreign subpublishers after signing the agreement and then deduct these subpublishers' fees prior to dividing the royalties with Ellington? Start your answer with Yes or No,#NAME?,1.138888889,,#NAME?,,,0,,,,
Is EMI within its contractual rights to affiliate with foreign subpublishers post-agreement and then deduct their charges before sharing the revenues with Ellington? Start your answer with Yes or No,No.,1.138888889,,No.,,,1,,,,
Does the contract with Ellington permit EMI to form affiliations with foreign subpublishers post-signing and subtract their costs before sharing the profits? Start your answer with Yes or No,".

Yes",1.138888889,,".

Yes",,,0,,,,
"Is EMI, under the terms of the agreement, allowed to establish affiliations with foreign subpublishers and then deduct their charges prior to dividing the revenues with Ellington? Start your answer with Yes or No",".

Yes",1.138888889,,".

Yes",,,0,,,,
"Can EMI, under the contractual obligations, subtract the charges of affiliated foreign subpublishers before sharing the remaining revenue with Ellington? Start your answer with Yes or No",No.,1.138888889,,No.,,,1,,,,
"As per the contract's terms, can EMI form affiliations with foreign subpublishers after the contract is signed and then deduct their costs before splitting the revenues with Ellington? Start your answer with Yes or No",Yes.,1.138888889,,Yes.,,,0,,,,
"Can EMI affiliate with foreign subpublishers after the contract's inception, and then, according to the contract's terms, subtract their fees before sharing revenues with Ellington? Start your answer with Yes or No",".

Yes",1.138888889,,".

Yes",,,0,,,,
"Does the agreement with Ellington grant EMI the permission to form new affiliations with foreign subpublishers, subtract their fees, and then share the remaining revenues? Start your answer with Yes or No",".
Yes",1.138888889,,".
Yes",,,0,,,,
Is EMI allowed by the contract to form post-agreement affiliations with foreign subpublishers and then deduct their costs before sharing revenues with Ellington? Start your answer with Yes or No,".

No.",1.138888889,,".

No.",,,1,,,,
"According to the contractual terms, can EMI form affiliations with foreign subpublishers post-signing, subtract their fees, and then share the remainder of the revenues with Ellington? Start your answer with Yes or No",".

Yes",1.138888889,,".

Yes",,,0,,,,
"As per the existing contract, can EMI, after forming affiliations with foreign subpublishers, subtract their charges before splitting the remaining revenues with Ellington? Start your answer with Yes or No",No,1.138888889,,No,,,1,,,,
"Is EMI allowed to deduct the fees of the foreign subpublishers, after affiliating with them, before sharing revenues with Ellington, under the existing contract? Start your answer with Yes or No",".

No",1.194444444,,".

No",,,1,,,,
Does the agreement permit EMI to deduct expenses from affiliated foreign subpublishers prior to distributing royalties to Ellington? Start your answer with Yes or No,[]: No,1.194444444,,[]: No,,,1,,,,
"According to the contractual agreement, can EMI affiliate with foreign subpublishers post-execution and then subtract their fees before splitting revenues with Ellington? Start your answer with Yes or No",".

Yes.",1.194444444,,".

Yes.",,,0,,,,
"Is it within the contract's terms for EMI to remove the charges of foreign subpublishers, which it affiliated with after the contract's formation, before dividing revenues with Ellington? Start your answer with Yes or No",".

No.",1.194444444,,".

No.",,,1,,,,
"Can EMI legally subtract the costs of post-agreement affiliated foreign subpublishers before splitting revenues with Ellington, as per the terms of the contract? Start your answer with Yes or No",Yes,1.194444444,,Yes,,,0,,,,
"Is it permissible for EMI, under the contract, to deduct fees from its newly affiliated foreign subpublishers prior to sharing royalties with Ellington? Start your answer with Yes or No",No,1.194444444,,No,,,1,,,,
"Does the contract sanction EMI to deduct fees from foreign subpublishers, who became affiliates after the contract was signed, before sharing revenue with Ellington? Start your answer with Yes or No",".

No",1.194444444,,".

No",,,1,,,,
"Based on the existing contract, is it legal for EMI to subtract the fees of its post-agreement affiliated foreign subpublishers before sharing profits with Ellington? Start your answer with Yes or No",".

No.",1.194444444,,".

No.",,,1,,,,
"Can EMI, following the contract's execution, associate with foreign subpublishers and then deduct their fees before sharing the remaining revenues with Ellington, based on the contract? Start your answer with Yes or No",".

Yes.",1.194444444,,".

Yes.",,,0,,,,
Does the contract allow EMI to establish affiliations with foreign subpublishers after signing the agreement and then deduct these subpublishers' fees prior to dividing the royalties with Ellington? Start your answer with Yes or No,"and complete it.

Yes, the contract",1.194444444,,"and complete it.

Yes, the contract",,,0,,,,
Is EMI within its contractual rights to affiliate with foreign subpublishers post-agreement and then deduct their charges before sharing the revenues with Ellington? Start your answer with Yes or No,No.,1.194444444,,No.,,,1,,,,
Does the contract with Ellington permit EMI to form affiliations with foreign subpublishers post-signing and subtract their costs before sharing the profits? Start your answer with Yes or No,": 

Yes.",1.194444444,,": 

Yes.",,,0,,,,
"Is EMI, under the terms of the agreement, allowed to establish affiliations with foreign subpublishers and then deduct their charges prior to dividing the revenues with Ellington? Start your answer with Yes or No",".

Yes",1.194444444,,".

Yes",,,0,,,,
"Can EMI, under the contractual obligations, subtract the charges of affiliated foreign subpublishers before sharing the remaining revenue with Ellington? Start your answer with Yes or No",Yes,1.194444444,,Yes,,,0,,,,
"As per the contract's terms, can EMI form affiliations with foreign subpublishers after the contract is signed and then deduct their costs before splitting the revenues with Ellington? Start your answer with Yes or No",".

Yes",1.194444444,,".

Yes",,,0,,,,
"Can EMI affiliate with foreign subpublishers after the contract's inception, and then, according to the contract's terms, subtract their fees before sharing revenues with Ellington? Start your answer with Yes or No",".

Yes",1.194444444,,".

Yes",,,0,,,,
"Does the agreement with Ellington grant EMI the permission to form new affiliations with foreign subpublishers, subtract their fees, and then share the remaining revenues? Start your answer with Yes or No","and explain why or why 

No,",1.194444444,,"and explain why or why 

No,",,,1,,,,
Is EMI allowed by the contract to form post-agreement affiliations with foreign subpublishers and then deduct their costs before sharing revenues with Ellington? Start your answer with Yes or No,".

Yes",1.194444444,,".

Yes",,,0,,,,
"According to the contractual terms, can EMI form affiliations with foreign subpublishers post-signing, subtract their fees, and then share the remainder of the revenues with Ellington? Start your answer with Yes or No",No,1.194444444,,No,,,1,,,,
"As per the existing contract, can EMI, after forming affiliations with foreign subpublishers, subtract their charges before splitting the remaining revenues with Ellington? Start your answer with Yes or No",".

No",1.194444444,,".

No",,,1,,,,
"Is EMI allowed to deduct the fees of the foreign subpublishers, after affiliating with them, before sharing revenues with Ellington, under the existing contract? Start your answer with Yes or No","and why?

No. Under the existing",1.25,,"and why?

No. Under the existing",,,1,,,,
Does the agreement permit EMI to deduct expenses from affiliated foreign subpublishers prior to distributing royalties to Ellington? Start your answer with Yes or No,".

No",1.25,,".

No",,,1,,,,
"According to the contractual agreement, can EMI affiliate with foreign subpublishers post-execution and then subtract their fees before splitting revenues with Ellington? Start your answer with Yes or No",Yes.,1.25,,Yes.,,,0,,,,
"Is it within the contract's terms for EMI to remove the charges of foreign subpublishers, which it affiliated with after the contract's formation, before dividing revenues with Ellington? Start your answer with Yes or No",".

No.",1.25,,".

No.",,,1,,,,
"Can EMI legally subtract the costs of post-agreement affiliated foreign subpublishers before splitting revenues with Ellington, as per the terms of the contract? Start your answer with Yes or No",No.,1.25,,No.,,,1,,,,
"Is it permissible for EMI, under the contract, to deduct fees from its newly affiliated foreign subpublishers prior to sharing royalties with Ellington? Start your answer with Yes or No",":

No",1.25,,":

No",,,1,,,,
"Does the contract sanction EMI to deduct fees from foreign subpublishers, who became affiliates after the contract was signed, before sharing revenue with Ellington? Start your answer with Yes or No",YES,1.25,,YES,,,0,,,,
"Based on the existing contract, is it legal for EMI to subtract the fees of its post-agreement affiliated foreign subpublishers before sharing profits with Ellington? Start your answer with Yes or No",". 

No.",1.25,,". 

No.",,,1,,,,
"Can EMI, following the contract's execution, associate with foreign subpublishers and then deduct their fees before sharing the remaining revenues with Ellington, based on the contract? Start your answer with Yes or No",".

Yes",1.25,,".

Yes",,,0,,,,
Does the contract allow EMI to establish affiliations with foreign subpublishers after signing the agreement and then deduct these subpublishers' fees prior to dividing the royalties with Ellington? Start your answer with Yes or No,".

Yes",1.25,,".

Yes",,,0,,,,
Is EMI within its contractual rights to affiliate with foreign subpublishers post-agreement and then deduct their charges before sharing the revenues with Ellington? Start your answer with Yes or No,Yes,1.25,,Yes,,,0,,,,
Does the contract with Ellington permit EMI to form affiliations with foreign subpublishers post-signing and subtract their costs before sharing the profits? Start your answer with Yes or No,".

Yes.",1.25,,".

Yes.",,,0,,,,
"Is EMI, under the terms of the agreement, allowed to establish affiliations with foreign subpublishers and then deduct their charges prior to dividing the revenues with Ellington? Start your answer with Yes or No",Yes,1.25,,Yes,,,0,,,,
"Can EMI, under the contractual obligations, subtract the charges of affiliated foreign subpublishers before sharing the remaining revenue with Ellington? Start your answer with Yes or No",".

No",1.25,,".

No",,,1,,,,
"As per the contract's terms, can EMI form affiliations with foreign subpublishers after the contract is signed and then deduct their costs before splitting the revenues with Ellington? Start your answer with Yes or No","and explain step by step. 

Yes",1.25,,"and explain step by step. 

Yes",,,0,,,,
"Can EMI affiliate with foreign subpublishers after the contract's inception, and then, according to the contract's terms, subtract their fees before sharing revenues with Ellington? Start your answer with Yes or No",".
No",1.25,,".
No",,,1,,,,
"Does the agreement with Ellington grant EMI the permission to form new affiliations with foreign subpublishers, subtract their fees, and then share the remaining revenues? Start your answer with Yes or No",".

No.",1.25,,".

No.",,,1,,,,
Is EMI allowed by the contract to form post-agreement affiliations with foreign subpublishers and then deduct their costs before sharing revenues with Ellington? Start your answer with Yes or No,".

Yes",1.25,,".

Yes",,,0,,,,
"According to the contractual terms, can EMI form affiliations with foreign subpublishers post-signing, subtract their fees, and then share the remainder of the revenues with Ellington? Start your answer with Yes or No","? 

No. According to the contractual",1.25,,"? 

No. According to the contractual",,,1,,,,
"As per the existing contract, can EMI, after forming affiliations with foreign subpublishers, subtract their charges before splitting the remaining revenues with Ellington? Start your answer with Yes or No","and explain. 

Yes, based on",1.25,,"and explain. 

Yes, based on",,,0,,,,
