Question,Answer,None,Temperature,,,,,,,
"Is EMI allowed to deduct the fees of the foreign subpublishers, after affiliating with them, before sharing revenues with Ellington, under the existing contract? Start your answer with Yes or No",No. The contract specifies that Ellington is entitled,,0.75,,,1,,,tot,
Does the agreement permit EMI to deduct expenses from affiliated foreign subpublishers prior to distributing royalties to Ellington? Start your answer with Yes or No,No. The agreement does not appear to permit E,,0.75,,,1,,,157/200,0.785
"According to the contractual agreement, can EMI affiliate with foreign subpublishers post-execution and then subtract their fees before splitting revenues with Ellington? Start your answer with Yes or No","No, according to the agreement EMI cannot affiliate",,0.75,,,1,,,,
"Is it within the contract's terms for EMI to remove the charges of foreign subpublishers, which it affiliated with after the contract's formation, before dividing revenues with Ellington? Start your answer with Yes or No","No, it is not within the contract's terms",,0.75,,,1,,,,
"Can EMI legally subtract the costs of post-agreement affiliated foreign subpublishers before splitting revenues with Ellington, as per the terms of the contract? Start your answer with Yes or No","No. Based on the terms of the agreement,",,0.75,,,1,,,,
"Is it permissible for EMI, under the contract, to deduct fees from its newly affiliated foreign subpublishers prior to sharing royalties with Ellington? Start your answer with Yes or No","No. Under the contract, EMI is oblig",,0.75,,,1,,,,
"Does the contract sanction EMI to deduct fees from foreign subpublishers, who became affiliates after the contract was signed, before sharing revenue with Ellington? Start your answer with Yes or No","No, the contract does not sanction EMI to",,0.75,,,1,,,,
"Based on the existing contract, is it legal for EMI to subtract the fees of its post-agreement affiliated foreign subpublishers before sharing profits with Ellington? Start your answer with Yes or No","No, based on the existing contract it would not",,0.75,,,1,,,,
"Can EMI, following the contract's execution, associate with foreign subpublishers and then deduct their fees before sharing the remaining revenues with Ellington, based on the contract? Start your answer with Yes or No","Yes, based on the contract EMI (as",,0.75,,,0,,,,
Does the contract allow EMI to establish affiliations with foreign subpublishers after signing the agreement and then deduct these subpublishers' fees prior to dividing the royalties with Ellington? Start your answer with Yes or No,No. The contract does not allow EMI to,,0.75,,,1,,,,
Is EMI within its contractual rights to affiliate with foreign subpublishers post-agreement and then deduct their charges before sharing the revenues with Ellington? Start your answer with Yes or No,No. The agreement specifies that the Second Party (,,0.75,,,1,,,,
Does the contract with Ellington permit EMI to form affiliations with foreign subpublishers post-signing and subtract their costs before sharing the profits? Start your answer with Yes or No,No. The contract does not explicitly permit EMI,,0.75,,,1,,,,
"Is EMI, under the terms of the agreement, allowed to establish affiliations with foreign subpublishers and then deduct their charges prior to dividing the revenues with Ellington? Start your answer with Yes or No",No. The agreement does not explicitly grant EMI,,0.75,,,1,,,,
"Can EMI, under the contractual obligations, subtract the charges of affiliated foreign subpublishers before sharing the remaining revenue with Ellington? Start your answer with Yes or No","No. Based on the contractual language, EMI",,0.75,,,1,,,,
"As per the contract's terms, can EMI form affiliations with foreign subpublishers after the contract is signed and then deduct their costs before splitting the revenues with Ellington? Start your answer with Yes or No",No. The contract specifies that Ellington will receive,,0.75,,,1,,,,
"Can EMI affiliate with foreign subpublishers after the contract's inception, and then, according to the contract's terms, subtract their fees before sharing revenues with Ellington? Start your answer with Yes or No","Yes. According to the contract, EMI (",,0.75,,,0,,,,
"Does the agreement with Ellington grant EMI the permission to form new affiliations with foreign subpublishers, subtract their fees, and then share the remaining revenues? Start your answer with Yes or No","No, the agreement does not explicitly grant EMI",,0.75,,,1,,,,
Is EMI allowed by the contract to form post-agreement affiliations with foreign subpublishers and then deduct their costs before sharing revenues with Ellington? Start your answer with Yes or No,"No. The contract only refers to Mills Music,",,0.75,,,1,,,,
"According to the contractual terms, can EMI form affiliations with foreign subpublishers post-signing, subtract their fees, and then share the remainder of the revenues with Ellington? Start your answer with Yes or No","No, according to the contractual terms EMI cannot",,0.75,,,1,,,,
"As per the existing contract, can EMI, after forming affiliations with foreign subpublishers, subtract their charges before splitting the remaining revenues with Ellington? Start your answer with Yes or No","No. Based on the contract, EMI (",,0.75,,,1,,,,
"Is EMI allowed to deduct the fees of the foreign subpublishers, after affiliating with them, before sharing revenues with Ellington, under the existing contract? Start your answer with Yes or No","Yes, based on the agreement it appears EMI",,0.777777778,,,0,,,,
Does the agreement permit EMI to deduct expenses from affiliated foreign subpublishers prior to distributing royalties to Ellington? Start your answer with Yes or No,"No, the agreement does not appear to permit E",,0.777777778,,,1,,,,
"According to the contractual agreement, can EMI affiliate with foreign subpublishers post-execution and then subtract their fees before splitting revenues with Ellington? Start your answer with Yes or No","No. According to the agreement, Ellington is",,0.777777778,,,1,,,,
"Is it within the contract's terms for EMI to remove the charges of foreign subpublishers, which it affiliated with after the contract's formation, before dividing revenues with Ellington? Start your answer with Yes or No","No. Based on the contract terms, EMI",,0.777777778,,,1,,,,
"Can EMI legally subtract the costs of post-agreement affiliated foreign subpublishers before splitting revenues with Ellington, as per the terms of the contract? Start your answer with Yes or No","No. Based on the terms of the agreement,",,0.777777778,,,1,,,,
"Is it permissible for EMI, under the contract, to deduct fees from its newly affiliated foreign subpublishers prior to sharing royalties with Ellington? Start your answer with Yes or No","No, it is not permissible for EMI to",,0.777777778,,,1,,,,
"Does the contract sanction EMI to deduct fees from foreign subpublishers, who became affiliates after the contract was signed, before sharing revenue with Ellington? Start your answer with Yes or No",No. The contract specifies that royalties from,,0.777777778,,,1,,,,
"Based on the existing contract, is it legal for EMI to subtract the fees of its post-agreement affiliated foreign subpublishers before sharing profits with Ellington? Start your answer with Yes or No","No, based on the existing contract, it would",,0.777777778,,,1,,,,
"Can EMI, following the contract's execution, associate with foreign subpublishers and then deduct their fees before sharing the remaining revenues with Ellington, based on the contract? Start your answer with Yes or No",No. The contract specifies that Ellington (the,,0.777777778,,,1,,,,
Does the contract allow EMI to establish affiliations with foreign subpublishers after signing the agreement and then deduct these subpublishers' fees prior to dividing the royalties with Ellington? Start your answer with Yes or No,Yes.,,0.777777778,,,0,,,,
Is EMI within its contractual rights to affiliate with foreign subpublishers post-agreement and then deduct their charges before sharing the revenues with Ellington? Start your answer with Yes or No,"No, based on the agreement there is no provision",,0.777777778,,,1,,,,
Does the contract with Ellington permit EMI to form affiliations with foreign subpublishers post-signing and subtract their costs before sharing the profits? Start your answer with Yes or No,"No, the contract does not permit EMI to",,0.777777778,,,1,,,,
"Is EMI, under the terms of the agreement, allowed to establish affiliations with foreign subpublishers and then deduct their charges prior to dividing the revenues with Ellington? Start your answer with Yes or No","No, the agreement does not specifically allow EMI",,0.777777778,,,1,,,,
"Can EMI, under the contractual obligations, subtract the charges of affiliated foreign subpublishers before sharing the remaining revenue with Ellington? Start your answer with Yes or No","No. Based on the agreement, EMI (",,0.777777778,,,1,,,,
"As per the contract's terms, can EMI form affiliations with foreign subpublishers after the contract is signed and then deduct their costs before splitting the revenues with Ellington? Start your answer with Yes or No",No. The contract specifies that Ellington (the,,0.777777778,,,1,,,,
"Can EMI affiliate with foreign subpublishers after the contract's inception, and then, according to the contract's terms, subtract their fees before sharing revenues with Ellington? Start your answer with Yes or No","Yes, based on the terms of the contract,",,0.777777778,,,0,,,,
"Does the agreement with Ellington grant EMI the permission to form new affiliations with foreign subpublishers, subtract their fees, and then share the remaining revenues? Start your answer with Yes or No","No, the agreement does not specifically grant EMI",,0.777777778,,,1,,,,
Is EMI allowed by the contract to form post-agreement affiliations with foreign subpublishers and then deduct their costs before sharing revenues with Ellington? Start your answer with Yes or No,"No, the contract does not allow EMI to",,0.777777778,,,1,,,,
"According to the contractual terms, can EMI form affiliations with foreign subpublishers post-signing, subtract their fees, and then share the remainder of the revenues with Ellington? Start your answer with Yes or No","No, according to the contractual terms EMI cannot",,0.777777778,,,1,,,,
"As per the existing contract, can EMI, after forming affiliations with foreign subpublishers, subtract their charges before splitting the remaining revenues with Ellington? Start your answer with Yes or No","No. According to the agreement, Ellington and",,0.777777778,,,1,,,,
"Is EMI allowed to deduct the fees of the foreign subpublishers, after affiliating with them, before sharing revenues with Ellington, under the existing contract? Start your answer with Yes or No","No. Under the terms of the agreement, E",,0.805555556,,,1,,,,
Does the agreement permit EMI to deduct expenses from affiliated foreign subpublishers prior to distributing royalties to Ellington? Start your answer with Yes or No,"No, the agreement does not explicitly permit EMI",,0.805555556,,,1,,,,
"According to the contractual agreement, can EMI affiliate with foreign subpublishers post-execution and then subtract their fees before splitting revenues with Ellington? Start your answer with Yes or No","No, according to the contractual agreement EMI cannot",,0.805555556,,,1,,,,
"Is it within the contract's terms for EMI to remove the charges of foreign subpublishers, which it affiliated with after the contract's formation, before dividing revenues with Ellington? Start your answer with Yes or No","No. Based on my understanding of the contract,",,0.805555556,,,1,,,,
"Can EMI legally subtract the costs of post-agreement affiliated foreign subpublishers before splitting revenues with Ellington, as per the terms of the contract? Start your answer with Yes or No","No. Based on the terms of the agreement,",,0.805555556,,,1,,,,
"Is it permissible for EMI, under the contract, to deduct fees from its newly affiliated foreign subpublishers prior to sharing royalties with Ellington? Start your answer with Yes or No","No, it is not permissible for EMI,",,0.805555556,,,1,,,,
"Does the contract sanction EMI to deduct fees from foreign subpublishers, who became affiliates after the contract was signed, before sharing revenue with Ellington? Start your answer with Yes or No","No, the contract does not sanction EMI to",,0.805555556,,,1,,,,
"Based on the existing contract, is it legal for EMI to subtract the fees of its post-agreement affiliated foreign subpublishers before sharing profits with Ellington? Start your answer with Yes or No","No, based on the contract it would not be",,0.805555556,,,1,,,,
"Can EMI, following the contract's execution, associate with foreign subpublishers and then deduct their fees before sharing the remaining revenues with Ellington, based on the contract? Start your answer with Yes or No","Yes, based on the contract EMI (as",,0.805555556,,,0,,,,
Does the contract allow EMI to establish affiliations with foreign subpublishers after signing the agreement and then deduct these subpublishers' fees prior to dividing the royalties with Ellington? Start your answer with Yes or No,No. The contract does not appear to allow E,,0.805555556,,,1,,,,
Is EMI within its contractual rights to affiliate with foreign subpublishers post-agreement and then deduct their charges before sharing the revenues with Ellington? Start your answer with Yes or No,No. The agreement specifically states that the Second Party,,0.805555556,,,1,,,,
Does the contract with Ellington permit EMI to form affiliations with foreign subpublishers post-signing and subtract their costs before sharing the profits? Start your answer with Yes or No,"No, the contract does not appear to permit E",,0.805555556,,,1,,,,
"Is EMI, under the terms of the agreement, allowed to establish affiliations with foreign subpublishers and then deduct their charges prior to dividing the revenues with Ellington? Start your answer with Yes or No",No. The agreement specifies that royalties for,,0.805555556,,,1,,,,
"Can EMI, under the contractual obligations, subtract the charges of affiliated foreign subpublishers before sharing the remaining revenue with Ellington? Start your answer with Yes or No","Yes. Under the agreement, EMI (as",,0.805555556,,,0,,,,
"As per the contract's terms, can EMI form affiliations with foreign subpublishers after the contract is signed and then deduct their costs before splitting the revenues with Ellington? Start your answer with Yes or No","No, the contract does not specify any provisions allowing",,0.805555556,,,1,,,,
"Can EMI affiliate with foreign subpublishers after the contract's inception, and then, according to the contract's terms, subtract their fees before sharing revenues with Ellington? Start your answer with Yes or No","Yes, according to the contract EMI can affiliate",,0.805555556,,,0,,,,
"Does the agreement with Ellington grant EMI the permission to form new affiliations with foreign subpublishers, subtract their fees, and then share the remaining revenues? Start your answer with Yes or No","Yes, the agreement does grant EMI the permission",,0.805555556,,,0,,,,
Is EMI allowed by the contract to form post-agreement affiliations with foreign subpublishers and then deduct their costs before sharing revenues with Ellington? Start your answer with Yes or No,No. The contract specifies that Ellington (the,,0.805555556,,,1,,,,
"According to the contractual terms, can EMI form affiliations with foreign subpublishers post-signing, subtract their fees, and then share the remainder of the revenues with Ellington? Start your answer with Yes or No","No, according to the contractual terms EMI cannot",,0.805555556,,,1,,,,
"As per the existing contract, can EMI, after forming affiliations with foreign subpublishers, subtract their charges before splitting the remaining revenues with Ellington? Start your answer with Yes or No","No. According to the contract, Ellington is",,0.805555556,,,1,,,,
"Is EMI allowed to deduct the fees of the foreign subpublishers, after affiliating with them, before sharing revenues with Ellington, under the existing contract? Start your answer with Yes or No",No. The contract does not specify that EMI,,0.833333333,,,1,,,,
Does the agreement permit EMI to deduct expenses from affiliated foreign subpublishers prior to distributing royalties to Ellington? Start your answer with Yes or No,"No, the agreement does not permit EMI to",,0.833333333,,,1,,,,
"According to the contractual agreement, can EMI affiliate with foreign subpublishers post-execution and then subtract their fees before splitting revenues with Ellington? Start your answer with Yes or No","No. According to the agreement, the Second Party",,0.833333333,,,1,,,,
"Is it within the contract's terms for EMI to remove the charges of foreign subpublishers, which it affiliated with after the contract's formation, before dividing revenues with Ellington? Start your answer with Yes or No","No, it is not within the contract's terms",,0.833333333,,,1,,,,
"Can EMI legally subtract the costs of post-agreement affiliated foreign subpublishers before splitting revenues with Ellington, as per the terms of the contract? Start your answer with Yes or No",No. While the agreement gives EMI broad rights,,0.833333333,,,1,,,,
"Is it permissible for EMI, under the contract, to deduct fees from its newly affiliated foreign subpublishers prior to sharing royalties with Ellington? Start your answer with Yes or No","No, it is not permissible for EMI to",,0.833333333,,,1,,,,
"Does the contract sanction EMI to deduct fees from foreign subpublishers, who became affiliates after the contract was signed, before sharing revenue with Ellington? Start your answer with Yes or No",No. The contract only specifies that royalties,,0.833333333,,,1,,,,
"Based on the existing contract, is it legal for EMI to subtract the fees of its post-agreement affiliated foreign subpublishers before sharing profits with Ellington? Start your answer with Yes or No","No, based on the existing contract it would not",,0.833333333,,,1,,,,
"Can EMI, following the contract's execution, associate with foreign subpublishers and then deduct their fees before sharing the remaining revenues with Ellington, based on the contract? Start your answer with Yes or No","No. Based on the contract, EMI cannot",,0.833333333,,,1,,,,
Does the contract allow EMI to establish affiliations with foreign subpublishers after signing the agreement and then deduct these subpublishers' fees prior to dividing the royalties with Ellington? Start your answer with Yes or No,"No, the contract does not allow EMI to",,0.833333333,,,1,,,,
Is EMI within its contractual rights to affiliate with foreign subpublishers post-agreement and then deduct their charges before sharing the revenues with Ellington? Start your answer with Yes or No,"No, based on the agreement EMI (as",,0.833333333,,,1,,,,
Does the contract with Ellington permit EMI to form affiliations with foreign subpublishers post-signing and subtract their costs before sharing the profits? Start your answer with Yes or No,No. The contract does not explicitly permit EMI,,0.833333333,,,1,,,,
"Is EMI, under the terms of the agreement, allowed to establish affiliations with foreign subpublishers and then deduct their charges prior to dividing the revenues with Ellington? Start your answer with Yes or No","Yes, under the terms of the agreement EMI",,0.833333333,,,0,,,,
"Can EMI, under the contractual obligations, subtract the charges of affiliated foreign subpublishers before sharing the remaining revenue with Ellington? Start your answer with Yes or No","No. Based on the agreement, EMI (",,0.833333333,,,1,,,,
"As per the contract's terms, can EMI form affiliations with foreign subpublishers after the contract is signed and then deduct their costs before splitting the revenues with Ellington? Start your answer with Yes or No","No, based on the terms of the contract,",,0.833333333,,,1,,,,
"Can EMI affiliate with foreign subpublishers after the contract's inception, and then, according to the contract's terms, subtract their fees before sharing revenues with Ellington? Start your answer with Yes or No","Yes. According to the contract, EMI (",,0.833333333,,,0,,,,
"Does the agreement with Ellington grant EMI the permission to form new affiliations with foreign subpublishers, subtract their fees, and then share the remaining revenues? Start your answer with Yes or No","No, the agreement does not explicitly grant EMI",,0.833333333,,,1,,,,
Is EMI allowed by the contract to form post-agreement affiliations with foreign subpublishers and then deduct their costs before sharing revenues with Ellington? Start your answer with Yes or No,"No. The agreement specifies that the Second Party,",,0.833333333,,,1,,,,
"According to the contractual terms, can EMI form affiliations with foreign subpublishers post-signing, subtract their fees, and then share the remainder of the revenues with Ellington? Start your answer with Yes or No","No. According to the contractual terms, EMI",,0.833333333,,,1,,,,
"As per the existing contract, can EMI, after forming affiliations with foreign subpublishers, subtract their charges before splitting the remaining revenues with Ellington? Start your answer with Yes or No","Yes. According to the contract, Ellington would",,0.833333333,,,0,,,,
"Is EMI allowed to deduct the fees of the foreign subpublishers, after affiliating with them, before sharing revenues with Ellington, under the existing contract? Start your answer with Yes or No","Yes, under the existing contract EMI would be",,0.861111111,,,0,,,,
Does the agreement permit EMI to deduct expenses from affiliated foreign subpublishers prior to distributing royalties to Ellington? Start your answer with Yes or No,No. The agreement does not appear to permit E,,0.861111111,,,1,,,,
"According to the contractual agreement, can EMI affiliate with foreign subpublishers post-execution and then subtract their fees before splitting revenues with Ellington? Start your answer with Yes or No","No. According to the agreement, the Second Party",,0.861111111,,,1,,,,
"Is it within the contract's terms for EMI to remove the charges of foreign subpublishers, which it affiliated with after the contract's formation, before dividing revenues with Ellington? Start your answer with Yes or No",No. The contract specifies that Ellington will receive,,0.861111111,,,1,,,,
"Can EMI legally subtract the costs of post-agreement affiliated foreign subpublishers before splitting revenues with Ellington, as per the terms of the contract? Start your answer with Yes or No","No. Based on the terms of the contract,",,0.861111111,,,1,,,,
"Is it permissible for EMI, under the contract, to deduct fees from its newly affiliated foreign subpublishers prior to sharing royalties with Ellington? Start your answer with Yes or No","Yes, it is permissible for EMI, under",,0.861111111,,,0,,,,
"Does the contract sanction EMI to deduct fees from foreign subpublishers, who became affiliates after the contract was signed, before sharing revenue with Ellington? Start your answer with Yes or No",No. The contract specifies the royalties and,,0.861111111,,,1,,,,
"Based on the existing contract, is it legal for EMI to subtract the fees of its post-agreement affiliated foreign subpublishers before sharing profits with Ellington? Start your answer with Yes or No","No, based on the existing contract it would not",,0.861111111,,,1,,,,
"Can EMI, following the contract's execution, associate with foreign subpublishers and then deduct their fees before sharing the remaining revenues with Ellington, based on the contract? Start your answer with Yes or No","No. Based on the contract, EMI (",,0.861111111,,,1,,,,
Does the contract allow EMI to establish affiliations with foreign subpublishers after signing the agreement and then deduct these subpublishers' fees prior to dividing the royalties with Ellington? Start your answer with Yes or No,No. The contract does not appear to allow E,,0.861111111,,,1,,,,
Is EMI within its contractual rights to affiliate with foreign subpublishers post-agreement and then deduct their charges before sharing the revenues with Ellington? Start your answer with Yes or No,"Yes, based on the agreement EMI would be",,0.861111111,,,0,,,,
Does the contract with Ellington permit EMI to form affiliations with foreign subpublishers post-signing and subtract their costs before sharing the profits? Start your answer with Yes or No,No. The contract specifies that Ellington (the,,0.861111111,,,1,,,,
"Is EMI, under the terms of the agreement, allowed to establish affiliations with foreign subpublishers and then deduct their charges prior to dividing the revenues with Ellington? Start your answer with Yes or No",Yes.,,0.861111111,,,0,,,,
"Can EMI, under the contractual obligations, subtract the charges of affiliated foreign subpublishers before sharing the remaining revenue with Ellington? Start your answer with Yes or No","No. Based on the agreement, EMI (",,0.861111111,,,1,,,,
"As per the contract's terms, can EMI form affiliations with foreign subpublishers after the contract is signed and then deduct their costs before splitting the revenues with Ellington? Start your answer with Yes or No","Yes, according to the terms of the contract E",,0.861111111,,,0,,,,
"Can EMI affiliate with foreign subpublishers after the contract's inception, and then, according to the contract's terms, subtract their fees before sharing revenues with Ellington? Start your answer with Yes or No","No, according to the contract terms EMI (",,0.861111111,,,1,,,,
"Does the agreement with Ellington grant EMI the permission to form new affiliations with foreign subpublishers, subtract their fees, and then share the remaining revenues? Start your answer with Yes or No",Yes. The agreement grants EMI (Mills,,0.861111111,,,0,,,,
Is EMI allowed by the contract to form post-agreement affiliations with foreign subpublishers and then deduct their costs before sharing revenues with Ellington? Start your answer with Yes or No,"No, the contract does not allow EMI to",,0.861111111,,,1,,,,
"According to the contractual terms, can EMI form affiliations with foreign subpublishers post-signing, subtract their fees, and then share the remainder of the revenues with Ellington? Start your answer with Yes or No","No, according to the contractual terms EMI cannot",,0.861111111,,,1,,,,
"As per the existing contract, can EMI, after forming affiliations with foreign subpublishers, subtract their charges before splitting the remaining revenues with Ellington? Start your answer with Yes or No","No. Under the contract, foreign publishing roy",,0.861111111,,,1,,,,
"Is EMI allowed to deduct the fees of the foreign subpublishers, after affiliating with them, before sharing revenues with Ellington, under the existing contract? Start your answer with Yes or No",No. The contract specifies that Ellington (the,,0.888888889,,,1,,,,
Does the agreement permit EMI to deduct expenses from affiliated foreign subpublishers prior to distributing royalties to Ellington? Start your answer with Yes or No,"No, the agreement does not explicitly permit EMI",,0.888888889,,,1,,,,
"According to the contractual agreement, can EMI affiliate with foreign subpublishers post-execution and then subtract their fees before splitting revenues with Ellington? Start your answer with Yes or No","No. According to the contractual agreement, EMI",,0.888888889,,,1,,,,
"Is it within the contract's terms for EMI to remove the charges of foreign subpublishers, which it affiliated with after the contract's formation, before dividing revenues with Ellington? Start your answer with Yes or No","No, it is not within the contract's terms",,0.888888889,,,1,,,,
"Can EMI legally subtract the costs of post-agreement affiliated foreign subpublishers before splitting revenues with Ellington, as per the terms of the contract? Start your answer with Yes or No",No. Based on the terms laid out in the,,0.888888889,,,1,,,,
"Is it permissible for EMI, under the contract, to deduct fees from its newly affiliated foreign subpublishers prior to sharing royalties with Ellington? Start your answer with Yes or No","No. According to the contract, EMI agrees",,0.888888889,,,1,,,,
"Does the contract sanction EMI to deduct fees from foreign subpublishers, who became affiliates after the contract was signed, before sharing revenue with Ellington? Start your answer with Yes or No","No, the contract does not specify that EMI",,0.888888889,,,1,,,,
"Based on the existing contract, is it legal for EMI to subtract the fees of its post-agreement affiliated foreign subpublishers before sharing profits with Ellington? Start your answer with Yes or No","No. Based on the contract, it would not",,0.888888889,,,1,,,,
"Can EMI, following the contract's execution, associate with foreign subpublishers and then deduct their fees before sharing the remaining revenues with Ellington, based on the contract? Start your answer with Yes or No","Yes, based on the contract EMI can associate",,0.888888889,,,0,,,,
Does the contract allow EMI to establish affiliations with foreign subpublishers after signing the agreement and then deduct these subpublishers' fees prior to dividing the royalties with Ellington? Start your answer with Yes or No,"Yes, the contract does allow EMI to establish",,0.888888889,,,0,,,,
Is EMI within its contractual rights to affiliate with foreign subpublishers post-agreement and then deduct their charges before sharing the revenues with Ellington? Start your answer with Yes or No,"No, based on the agreement EMI (as",,0.888888889,,,1,,,,
Does the contract with Ellington permit EMI to form affiliations with foreign subpublishers post-signing and subtract their costs before sharing the profits? Start your answer with Yes or No,"No, the contract with Ellington does not permit",,0.888888889,,,1,,,,
"Is EMI, under the terms of the agreement, allowed to establish affiliations with foreign subpublishers and then deduct their charges prior to dividing the revenues with Ellington? Start your answer with Yes or No","Yes, under the terms of the agreement EMI",,0.888888889,,,0,,,,
"Can EMI, under the contractual obligations, subtract the charges of affiliated foreign subpublishers before sharing the remaining revenue with Ellington? Start your answer with Yes or No","Yes, under the contractual obligations EMI can subtract",,0.888888889,,,0,,,,
"As per the contract's terms, can EMI form affiliations with foreign subpublishers after the contract is signed and then deduct their costs before splitting the revenues with Ellington? Start your answer with Yes or No","No, the contract does not specify that foreign sub",,0.888888889,,,1,,,,
"Can EMI affiliate with foreign subpublishers after the contract's inception, and then, according to the contract's terms, subtract their fees before sharing revenues with Ellington? Start your answer with Yes or No","No. Based on the contract terms, EMI",,0.888888889,,,1,,,,
"Does the agreement with Ellington grant EMI the permission to form new affiliations with foreign subpublishers, subtract their fees, and then share the remaining revenues? Start your answer with Yes or No",No. The agreement specifies the amounts to be paid,,0.888888889,,,1,,,,
Is EMI allowed by the contract to form post-agreement affiliations with foreign subpublishers and then deduct their costs before sharing revenues with Ellington? Start your answer with Yes or No,No. The contract specifies that Ellington is entitled,,0.888888889,,,1,,,,
"According to the contractual terms, can EMI form affiliations with foreign subpublishers post-signing, subtract their fees, and then share the remainder of the revenues with Ellington? Start your answer with Yes or No","Yes, according to the contractual terms EMI can",,0.888888889,,,0,,,,
"As per the existing contract, can EMI, after forming affiliations with foreign subpublishers, subtract their charges before splitting the remaining revenues with Ellington? Start your answer with Yes or No","No. Based on the contract, EMI (",,0.888888889,,,1,,,,
"Is EMI allowed to deduct the fees of the foreign subpublishers, after affiliating with them, before sharing revenues with Ellington, under the existing contract? Start your answer with Yes or No","No. Based on my analysis, the contract does",,0.916666667,,,1,,,,
Does the agreement permit EMI to deduct expenses from affiliated foreign subpublishers prior to distributing royalties to Ellington? Start your answer with Yes or No,"No, the agreement does not specifically permit EMI",,0.916666667,,,1,,,,
"According to the contractual agreement, can EMI affiliate with foreign subpublishers post-execution and then subtract their fees before splitting revenues with Ellington? Start your answer with Yes or No","No, according to the agreement EMI cannot affiliate",,0.916666667,,,1,,,,
"Is it within the contract's terms for EMI to remove the charges of foreign subpublishers, which it affiliated with after the contract's formation, before dividing revenues with Ellington? Start your answer with Yes or No",No. The contract specifies that Ellington is entitled,,0.916666667,,,1,,,,
"Can EMI legally subtract the costs of post-agreement affiliated foreign subpublishers before splitting revenues with Ellington, as per the terms of the contract? Start your answer with Yes or No","No, based on the terms of the agreement E",,0.916666667,,,1,,,,
"Is it permissible for EMI, under the contract, to deduct fees from its newly affiliated foreign subpublishers prior to sharing royalties with Ellington? Start your answer with Yes or No","Yes, it is permissible for EMI, under",,0.916666667,,,0,,,,
"Does the contract sanction EMI to deduct fees from foreign subpublishers, who became affiliates after the contract was signed, before sharing revenue with Ellington? Start your answer with Yes or No","No, the contract does not sanction EMI to",,0.916666667,,,1,,,,
"Based on the existing contract, is it legal for EMI to subtract the fees of its post-agreement affiliated foreign subpublishers before sharing profits with Ellington? Start your answer with Yes or No","No, based on the existing contract it would not",,0.916666667,,,1,,,,
"Can EMI, following the contract's execution, associate with foreign subpublishers and then deduct their fees before sharing the remaining revenues with Ellington, based on the contract? Start your answer with Yes or No","Yes. Based on the contract, EMI (",,0.916666667,,,0,,,,
Does the contract allow EMI to establish affiliations with foreign subpublishers after signing the agreement and then deduct these subpublishers' fees prior to dividing the royalties with Ellington? Start your answer with Yes or No,"No, the contract does not allow EMI to",,0.916666667,,,1,,,,
Is EMI within its contractual rights to affiliate with foreign subpublishers post-agreement and then deduct their charges before sharing the revenues with Ellington? Start your answer with Yes or No,"No. Based on the agreement described, EMI",,0.916666667,,,1,,,,
Does the contract with Ellington permit EMI to form affiliations with foreign subpublishers post-signing and subtract their costs before sharing the profits? Start your answer with Yes or No,"No. The contract specifies that the Second Party,",,0.916666667,,,1,,,,
"Is EMI, under the terms of the agreement, allowed to establish affiliations with foreign subpublishers and then deduct their charges prior to dividing the revenues with Ellington? Start your answer with Yes or No",No. The agreement specifies that for royalties,,0.916666667,,,1,,,,
"Can EMI, under the contractual obligations, subtract the charges of affiliated foreign subpublishers before sharing the remaining revenue with Ellington? Start your answer with Yes or No","No. Based on the agreement, EMI (",,0.916666667,,,1,,,,
"As per the contract's terms, can EMI form affiliations with foreign subpublishers after the contract is signed and then deduct their costs before splitting the revenues with Ellington? Start your answer with Yes or No","No. The contract specifically limits the Second Party,",,0.916666667,,,1,,,,
"Can EMI affiliate with foreign subpublishers after the contract's inception, and then, according to the contract's terms, subtract their fees before sharing revenues with Ellington? Start your answer with Yes or No","Yes, EMI can affiliate with foreign subpublish",,0.916666667,,,0,,,,
"Does the agreement with Ellington grant EMI the permission to form new affiliations with foreign subpublishers, subtract their fees, and then share the remaining revenues? Start your answer with Yes or No","No, the agreement does not explicitly grant EMI",,0.916666667,,,1,,,,
Is EMI allowed by the contract to form post-agreement affiliations with foreign subpublishers and then deduct their costs before sharing revenues with Ellington? Start your answer with Yes or No,No. The contract only allows EMI (M,,0.916666667,,,1,,,,
"According to the contractual terms, can EMI form affiliations with foreign subpublishers post-signing, subtract their fees, and then share the remainder of the revenues with Ellington? Start your answer with Yes or No","No. According to the contract, Ellington is",,0.916666667,,,1,,,,
"As per the existing contract, can EMI, after forming affiliations with foreign subpublishers, subtract their charges before splitting the remaining revenues with Ellington? Start your answer with Yes or No","No, according to the contract EMI cannot subtract",,0.916666667,,,1,,,,
"Is EMI allowed to deduct the fees of the foreign subpublishers, after affiliating with them, before sharing revenues with Ellington, under the existing contract? Start your answer with Yes or No","No, under the existing contract EMI (which",,0.944444444,,,1,,,,
Does the agreement permit EMI to deduct expenses from affiliated foreign subpublishers prior to distributing royalties to Ellington? Start your answer with Yes or No,No. The agreement does not appear to permit E,,0.944444444,,,1,,,,
"According to the contractual agreement, can EMI affiliate with foreign subpublishers post-execution and then subtract their fees before splitting revenues with Ellington? Start your answer with Yes or No","No, according to the contractual agreement EMI cannot",,0.944444444,,,1,,,,
"Is it within the contract's terms for EMI to remove the charges of foreign subpublishers, which it affiliated with after the contract's formation, before dividing revenues with Ellington? Start your answer with Yes or No","No, it is not within the contract's terms",,0.944444444,,,1,,,,
"Can EMI legally subtract the costs of post-agreement affiliated foreign subpublishers before splitting revenues with Ellington, as per the terms of the contract? Start your answer with Yes or No","No, EMI cannot legally subtract the costs of",,0.944444444,,,1,,,,
"Is it permissible for EMI, under the contract, to deduct fees from its newly affiliated foreign subpublishers prior to sharing royalties with Ellington? Start your answer with Yes or No",No. The contract specifies that Ellington will receive,,0.944444444,,,1,,,,
"Does the contract sanction EMI to deduct fees from foreign subpublishers, who became affiliates after the contract was signed, before sharing revenue with Ellington? Start your answer with Yes or No",No. The contract specifies that the royalty fees should,,0.944444444,,,1,,,,
"Based on the existing contract, is it legal for EMI to subtract the fees of its post-agreement affiliated foreign subpublishers before sharing profits with Ellington? Start your answer with Yes or No","No, based on the existing contract it would not",,0.944444444,,,1,,,,
"Can EMI, following the contract's execution, associate with foreign subpublishers and then deduct their fees before sharing the remaining revenues with Ellington, based on the contract? Start your answer with Yes or No","No, based on the contract, EMI cannot",,0.944444444,,,1,,,,
Does the contract allow EMI to establish affiliations with foreign subpublishers after signing the agreement and then deduct these subpublishers' fees prior to dividing the royalties with Ellington? Start your answer with Yes or No,"No, the contract does not appear to allow E",,0.944444444,,,1,,,,
Is EMI within its contractual rights to affiliate with foreign subpublishers post-agreement and then deduct their charges before sharing the revenues with Ellington? Start your answer with Yes or No,"No. Based on the agreement, EMI (",,0.944444444,,,1,,,,
Does the contract with Ellington permit EMI to form affiliations with foreign subpublishers post-signing and subtract their costs before sharing the profits? Start your answer with Yes or No,Yes. The contract specifies that the Second Party (,,0.944444444,,,0,,,,
"Is EMI, under the terms of the agreement, allowed to establish affiliations with foreign subpublishers and then deduct their charges prior to dividing the revenues with Ellington? Start your answer with Yes or No","No, based on the agreement, EMI does",,0.944444444,,,1,,,,
"Can EMI, under the contractual obligations, subtract the charges of affiliated foreign subpublishers before sharing the remaining revenue with Ellington? Start your answer with Yes or No","No, based on the agreement EMI cannot subtract",,0.944444444,,,1,,,,
"As per the contract's terms, can EMI form affiliations with foreign subpublishers after the contract is signed and then deduct their costs before splitting the revenues with Ellington? Start your answer with Yes or No","No, based on the contract terms it does not",,0.944444444,,,1,,,,
"Can EMI affiliate with foreign subpublishers after the contract's inception, and then, according to the contract's terms, subtract their fees before sharing revenues with Ellington? Start your answer with Yes or No","No, the contract requires all payments go directly to",,0.944444444,,,1,,,,
"Does the agreement with Ellington grant EMI the permission to form new affiliations with foreign subpublishers, subtract their fees, and then share the remaining revenues? Start your answer with Yes or No","Yes, the agreement grants EMI the permission to",,0.944444444,,,0,,,,
Is EMI allowed by the contract to form post-agreement affiliations with foreign subpublishers and then deduct their costs before sharing revenues with Ellington? Start your answer with Yes or No,No. The contract specifies that Ellington is entitled,,0.944444444,,,1,,,,
"According to the contractual terms, can EMI form affiliations with foreign subpublishers post-signing, subtract their fees, and then share the remainder of the revenues with Ellington? Start your answer with Yes or No","No. According to the contractual terms, EMI",,0.944444444,,,1,,,,
"As per the existing contract, can EMI, after forming affiliations with foreign subpublishers, subtract their charges before splitting the remaining revenues with Ellington? Start your answer with Yes or No","Yes, according to the contract EMI can subtract",,0.944444444,,,0,,,,
"Is EMI allowed to deduct the fees of the foreign subpublishers, after affiliating with them, before sharing revenues with Ellington, under the existing contract? Start your answer with Yes or No",No. The existing contract between Duke Ellington and,,0.972222222,,,1,,,,
Does the agreement permit EMI to deduct expenses from affiliated foreign subpublishers prior to distributing royalties to Ellington? Start your answer with Yes or No,No. The agreement does not appear to permit E,,0.972222222,,,1,,,,
"According to the contractual agreement, can EMI affiliate with foreign subpublishers post-execution and then subtract their fees before splitting revenues with Ellington? Start your answer with Yes or No","No, according to the agreement EMI cannot affiliate",,0.972222222,,,1,,,,
"Is it within the contract's terms for EMI to remove the charges of foreign subpublishers, which it affiliated with after the contract's formation, before dividing revenues with Ellington? Start your answer with Yes or No","No, it is not within the contract's terms",,0.972222222,,,1,,,,
"Can EMI legally subtract the costs of post-agreement affiliated foreign subpublishers before splitting revenues with Ellington, as per the terms of the contract? Start your answer with Yes or No","No. Based on the terms of the contract,",,0.972222222,,,1,,,,
"Is it permissible for EMI, under the contract, to deduct fees from its newly affiliated foreign subpublishers prior to sharing royalties with Ellington? Start your answer with Yes or No","Yes, it is permissible for EMI, under",,0.972222222,,,0,,,,
"Does the contract sanction EMI to deduct fees from foreign subpublishers, who became affiliates after the contract was signed, before sharing revenue with Ellington? Start your answer with Yes or No","No, the contract does not contain any provision allowing",,0.972222222,,,1,,,,
"Based on the existing contract, is it legal for EMI to subtract the fees of its post-agreement affiliated foreign subpublishers before sharing profits with Ellington? Start your answer with Yes or No","No. Based on the existing contract, it would",,0.972222222,,,1,,,,
"Can EMI, following the contract's execution, associate with foreign subpublishers and then deduct their fees before sharing the remaining revenues with Ellington, based on the contract? Start your answer with Yes or No","Yes, based on the contract EMI can associate",,0.972222222,,,0,,,,
Does the contract allow EMI to establish affiliations with foreign subpublishers after signing the agreement and then deduct these subpublishers' fees prior to dividing the royalties with Ellington? Start your answer with Yes or No,"No, the contract does not appear to allow E",,0.972222222,,,1,,,,
Is EMI within its contractual rights to affiliate with foreign subpublishers post-agreement and then deduct their charges before sharing the revenues with Ellington? Start your answer with Yes or No,"No, EMI would not be within its contractual",,0.972222222,,,1,,,,
Does the contract with Ellington permit EMI to form affiliations with foreign subpublishers post-signing and subtract their costs before sharing the profits? Start your answer with Yes or No,No. The contract outlines specific terms for the sharing,,0.972222222,,,1,,,,
"Is EMI, under the terms of the agreement, allowed to establish affiliations with foreign subpublishers and then deduct their charges prior to dividing the revenues with Ellington? Start your answer with Yes or No","Yes, under the terms of the agreement EMI",,0.972222222,,,0,,,,
"Can EMI, under the contractual obligations, subtract the charges of affiliated foreign subpublishers before sharing the remaining revenue with Ellington? Start your answer with Yes or No","No. Based on my reading of the agreement,",,0.972222222,,,1,,,,
"As per the contract's terms, can EMI form affiliations with foreign subpublishers after the contract is signed and then deduct their costs before splitting the revenues with Ellington? Start your answer with Yes or No","Yes, EMI can form affiliations with foreign",,0.972222222,,,0,,,,
"Can EMI affiliate with foreign subpublishers after the contract's inception, and then, according to the contract's terms, subtract their fees before sharing revenues with Ellington? Start your answer with Yes or No","Yes, according to the contract's terms, E",,0.972222222,,,0,,,,
"Does the agreement with Ellington grant EMI the permission to form new affiliations with foreign subpublishers, subtract their fees, and then share the remaining revenues? Start your answer with Yes or No","Yes, it does appear that the agreement grants Mills",,0.972222222,,,0,,,,
Is EMI allowed by the contract to form post-agreement affiliations with foreign subpublishers and then deduct their costs before sharing revenues with Ellington? Start your answer with Yes or No,No. The contract specifies that EMI/M,,0.972222222,,,1,,,,
"According to the contractual terms, can EMI form affiliations with foreign subpublishers post-signing, subtract their fees, and then share the remainder of the revenues with Ellington? Start your answer with Yes or No","No, according to the contractual terms EMI cannot",,0.972222222,,,1,,,,
"As per the existing contract, can EMI, after forming affiliations with foreign subpublishers, subtract their charges before splitting the remaining revenues with Ellington? Start your answer with Yes or No","No. According to the contract, EMI (",,0.972222222,,,1,,,,
"Is EMI allowed to deduct the fees of the foreign subpublishers, after affiliating with them, before sharing revenues with Ellington, under the existing contract? Start your answer with Yes or No",No. The contract between Ellington and Mills Music,,1,,,1,,,,
Does the agreement permit EMI to deduct expenses from affiliated foreign subpublishers prior to distributing royalties to Ellington? Start your answer with Yes or No,No. The agreement does not permit EMI to,,1,,,1,,,,
"According to the contractual agreement, can EMI affiliate with foreign subpublishers post-execution and then subtract their fees before splitting revenues with Ellington? Start your answer with Yes or No","No, according to the contractual agreement, EMI",,1,,,1,,,,
"Is it within the contract's terms for EMI to remove the charges of foreign subpublishers, which it affiliated with after the contract's formation, before dividing revenues with Ellington? Start your answer with Yes or No",Yes. The contract does specify that EMI can,,1,,,0,,,,
"Can EMI legally subtract the costs of post-agreement affiliated foreign subpublishers before splitting revenues with Ellington, as per the terms of the contract? Start your answer with Yes or No","No, EMI cannot legally subtract the costs of",,1,,,1,,,,
"Is it permissible for EMI, under the contract, to deduct fees from its newly affiliated foreign subpublishers prior to sharing royalties with Ellington? Start your answer with Yes or No","No. Under the contract, EMI is oblig",,1,,,1,,,,
"Does the contract sanction EMI to deduct fees from foreign subpublishers, who became affiliates after the contract was signed, before sharing revenue with Ellington? Start your answer with Yes or No","Yes. The contract broadly covers revenue from ""synchron",,1,,,0,,,,
"Based on the existing contract, is it legal for EMI to subtract the fees of its post-agreement affiliated foreign subpublishers before sharing profits with Ellington? Start your answer with Yes or No","No. Under the terms of the contract, E",,1,,,1,,,,
"Can EMI, following the contract's execution, associate with foreign subpublishers and then deduct their fees before sharing the remaining revenues with Ellington, based on the contract? Start your answer with Yes or No","Yes, based on the contract EMI can associate",,1,,,0,,,,
Does the contract allow EMI to establish affiliations with foreign subpublishers after signing the agreement and then deduct these subpublishers' fees prior to dividing the royalties with Ellington? Start your answer with Yes or No,No. The contract specifies the royalty rates and payment,,1,,,1,,,,
Is EMI within its contractual rights to affiliate with foreign subpublishers post-agreement and then deduct their charges before sharing the revenues with Ellington? Start your answer with Yes or No,"No. Based on the agreement, EMI (",,1,,,1,,,,
Does the contract with Ellington permit EMI to form affiliations with foreign subpublishers post-signing and subtract their costs before sharing the profits? Start your answer with Yes or No,"Yes, the contract with Ellington does permit E",,1,,,0,,,,
"Is EMI, under the terms of the agreement, allowed to establish affiliations with foreign subpublishers and then deduct their charges prior to dividing the revenues with Ellington? Start your answer with Yes or No","Yes, under the terms of the agreement, E",,1,,,0,,,,
"Can EMI, under the contractual obligations, subtract the charges of affiliated foreign subpublishers before sharing the remaining revenue with Ellington? Start your answer with Yes or No","No. Under the terms of the contract, E",,1,,,1,,,,
"As per the contract's terms, can EMI form affiliations with foreign subpublishers after the contract is signed and then deduct their costs before splitting the revenues with Ellington? Start your answer with Yes or No","Yes, EMI can form affiliations with foreign",,1,,,0,,,,
"Can EMI affiliate with foreign subpublishers after the contract's inception, and then, according to the contract's terms, subtract their fees before sharing revenues with Ellington? Start your answer with Yes or No","Yes, according to the contract, EMI can",,1,,,0,,,,
"Does the agreement with Ellington grant EMI the permission to form new affiliations with foreign subpublishers, subtract their fees, and then share the remaining revenues? Start your answer with Yes or No","Yes, the agreement grants EMI (Mills",,1,,,0,,,,
Is EMI allowed by the contract to form post-agreement affiliations with foreign subpublishers and then deduct their costs before sharing revenues with Ellington? Start your answer with Yes or No,"No, based on the contract the answer is no",,1,,,1,,,,
"According to the contractual terms, can EMI form affiliations with foreign subpublishers post-signing, subtract their fees, and then share the remainder of the revenues with Ellington? Start your answer with Yes or No","No, according to the contractual terms EMI cannot",,1,,,1,,,,
"As per the existing contract, can EMI, after forming affiliations with foreign subpublishers, subtract their charges before splitting the remaining revenues with Ellington? Start your answer with Yes or No","No. According to the agreement, EMI (",,1,,,1,,,,
